"colony","origin","trait","mean_diff_RL","n_pairs","t_stat","t_pvalue","wilcox_stat","wilcox_pvalue","t_pvalue_bonf","t_pvalue_holm","t_pvalue_bh","wilcox_pvalue_bonf","wilcox_pvalue_holm","wilcox_pvalue_bh"
"COY01","Coyhaique","nerv01",-0.00604827147474748,99,-1.90976977669528,0.0590871889030505,1956,0.0703399563894661,1,0.945395022448809,0.0675282158892006,1,1,0.0796301393088296
"COY02","Coyhaique","nerv01",-0.0187846557244898,98,-6.43982253570979,4.59190426705894e-09,844,3.53783088536461e-08,5.51028512047073e-07,2.6173854322236e-07,8.60982050073552e-09,4.24539706243753e-06,2.05194191351147e-06,6.73136011443288e-08
"COY03","Coyhaique","nerv01",-0.0260145957979798,99,-8.23595728694579,7.93833259488285e-13,594.5,8.78400120271096e-11,9.52599911385942e-11,6.43004940185511e-11,2.38149977846485e-12,1.05408014432532e-08,7.11504097419588e-09,2.63520036081329e-10
"COY04","Coyhaique","nerv01",-0.0134216983076923,78,-4.18035282717545,7.62572763519277e-05,681,1.88185507749781e-05,0.00915087316223133,0.0035840919885406,0.000123660448138261,0.00225822609299737,0.000978564640298859,3.27279143912662e-05
"COY05","Coyhaique","nerv01",-0.0145122759690722,97,-4.8811754767566,4.19444329122019e-06,1156,1.13431195349287e-05,0.000503333194946423,0.00022230549443467,7.4019587492121e-06,0.00136117434419144,0.000601185335351219,2.00172697675212e-05
"COY06","Coyhaique","nerv01",-0.01233995846875,64,-3.76806295237057,0.000364719257701236,483,0.000197967287876889,0.0437663109241483,0.0164123665965556,0.000572563756183444,0.0237560745452267,0.00910649524233689,0.000316747660603022
"COY07","Coyhaique","nerv01",-0.0116018850128205,78,-3.63770973270449,0.000495275880484074,853,0.000622133494923139,0.0594331056580889,0.0208015869803311,0.000752317793140366,0.0746560193907766,0.0268766985389434,0.000957128453727906
"COY08","Coyhaique","nerv01",-0.0200647281,100,-6.48920511686402,3.44261008346074e-09,922,3.59005872769754e-08,4.13113210015289e-07,1.99671384840723e-07,6.55735253992522e-09,4.30807047323704e-06,2.05194191351147e-06,6.73136011443288e-08
"COY09","Coyhaique","nerv01",-0.0117697373636364,99,-4.23310499378722,5.19895101962225e-05,1396,0.000167031298940538,0.0062387412235467,0.00249549648941868,8.54622085417356e-05,0.0200437558728646,0.00785047105020529,0.000270861565849521
"COY10","Coyhaique","nerv01",-0.0236533218854167,96,-7.44727671647962,4.31910934121387e-11,646,8.01028626769726e-10,5.18293120945664e-09,3.15294981908613e-09,1.07977733530347e-10,9.61234352123671e-08,5.92761183809597e-08,2.04517947260356e-09
"COY11","Coyhaique","nerv01",-0.02618415523,100,-9.30754083330736,3.54447330171625e-15,492,2.78048163912153e-12,4.2533679620595e-13,3.1191365055103e-13,1.28889938244227e-14,3.33657796694583e-10,2.58584792438302e-10,1.19163498819494e-11
"COY12","Coyhaique","nerv01",-0.02413743776,100,-8.74562281030467,5.91431673279159e-14,565,1.61248578462249e-11,7.0971800793499e-12,4.90888288821702e-12,1.86767896824997e-13,1.93498294154698e-09,1.38673777477534e-09,5.52852269013424e-11
"RPR01","Ribeirão Preto","nerv01",-0.01165,74,-2.61363614898708,0.0108734932952816,913,0.0106629602023407,1,0.29309593518926,0.0137349388993031,1,0.309225845867881,0.0139082089595749
"RPR02","Ribeirão Preto","nerv01",0.0207310011025641,78,7.39000368125095,1.50606773229781e-10,2735,2.73070902904981e-09,1.80728127875737e-08,1.05424741260847e-08,3.54368878187721e-10,3.27685083485977e-07,1.91149632033486e-07,6.42519771541131e-09
"RPR03","Ribeirão Preto","nerv01",0.024358974375,80,6.98367167069924,8.02956710090342e-10,2806,1.30050561611529e-08,9.63548052108411e-08,4.89803593155109e-08,1.60591342018068e-09,1.56060673933835e-06,8.06313481991482e-07,2.64509616837009e-08
"RPR04","Ribeirão Preto","nerv01",0.0102043063670886,79,3.1997465658382,0.0019895488783641,2211,0.00206100715824444,0.238745865403692,0.0696342107427436,0.00277611471399642,0.247320858989333,0.0762572648550443,0.0029442959403492
"RPR05","Ribeirão Preto","nerv01",0.00326552934999999,80,1.0243168462026,0.308812010614864,1986,0.0795946317563316,1,1,0.322238619772032,1,1,0.0889474543837421
"RPR06","Ribeirão Preto","nerv01",0.0134356792875,80,3.78781278991851,0.000295039848823333,2328,0.000690375149996417,0.0354047818588,0.0135718330458733,0.000472063758117334,0.08284501799957,0.0283053811498531,0.00103556272499463
"RPR07","Ribeirão Preto","nerv01",0.00365553925,80,1.12034270995617,0.265962143815785,1784,0.432926897778801,1,1,0.282437674848621,1,1,0.44026464180895
"RPR08","Ribeirão Preto","nerv01",-0.040354948625,80,-11.8402731492474,3.46353927382115e-19,133,1.00601872184143e-12,4.15624712858538e-17,3.602080844774e-17,2.44485125210905e-18,1.20722246620971e-10,9.75838160186185e-11,4.90754380480732e-12
"RPR09","Ribeirão Preto","nerv01",0.00207914255000001,80,0.723705990924222,0.471383831034857,1847,0.277320171741768,1,1,0.487638445898128,1,1,0.286882936284588
"RPR10","Ribeirão Preto","nerv01",0.00663686424050633,79,2.06359736431536,0.0423821176123949,1930,0.0876306263201359,1,0.805260234635502,0.0498613148381116,1,1,0.0955970468946937
"RPR11","Ribeirão Preto","nerv01",0.0135336023875,80,4.5252696802191,2.10043228012161e-05,2456,6.14173640800295e-05,0.00252051873614593,0.00107122046286202,3.60074105163704e-05,0.00737008368960354,0.00307086820400148,0.000103803995628219
"RPR12","Ribeirão Preto","nerv01",0.00906670286666666,60,2.44344796438814,0.0175582521512748,1169,0.0323667948438998,1,0.413048528914045,0.0214999005933978,1,0.679702691721896,0.0388401538126798
"COY01","Coyhaique","nerv02",-0.022096344959596,99,-8.79236316501536,5.03204908168239e-14,477,8.31300059093607e-12,6.03845889801887e-12,4.27724171943003e-12,1.67734969389413e-13,9.97560070912328e-10,7.3985705259331e-10,3.11737522160102e-11
"COY02","Coyhaique","nerv02",-0.0242994272959184,98,-10.582206255095,7.45128112608539e-18,255,1.4763950551984e-14,8.94153735130247e-16,7.30225550356368e-16,3.8876249353489e-17,1.77167406623808e-12,1.68309036292618e-12,2.53096295176869e-13
"COY03","Coyhaique","nerv02",-0.0232109921313131,99,-9.55936732154677,1.09510233682618e-15,454,1.76198834020276e-12,1.31412280419141e-13,9.74641079775298e-14,4.10663376309816e-15,2.11438600824331e-10,1.6562690397906e-10,7.83105928979005e-12
"COY04","Coyhaique","nerv02",-0.0292042418717949,78,-11.4022191062795,3.30576015311403e-18,109,1.02240495933486e-12,3.96691218373684e-16,3.30576015311403e-16,1.88900580177945e-17,1.22688595120183e-10,9.81508760961464e-11,4.90754380480732e-12
"COY05","Coyhaique","nerv02",-0.0223154188041237,97,-8.8085839892139,5.38149464446785e-14,482,9.42275057141147e-12,6.45779357336142e-12,4.520455501353e-12,1.74534961442201e-13,1.13073006856938e-09,8.2920205028421e-10,3.42645475324054e-11
"COY06","Coyhaique","nerv02",-0.021937367109375,64,-7.43960381209572,3.4116256060143e-10,187,1.19038341982021e-08,4.09395072721717e-08,2.2175566439093e-08,7.31062629860208e-10,1.42846010378426e-06,7.49941554486735e-07,2.46286224790389e-08
"COY07","Coyhaique","nerv02",-0.0180766280128205,78,-7.03782228412026,7.04841717716957e-10,377,6.92988546679548e-09,8.45810061260348e-08,4.37001864984513e-08,1.43357637501754e-09,8.31586256015457e-07,4.57372440808501e-07,1.51197501093719e-08
"COY08","Coyhaique","nerv02",-0.02211340919,100,-10.4872141787501,9.48893299442137e-18,382,1.75013110444712e-13,1.13867195933056e-15,9.13964967305706e-16,4.55468783732226e-17,2.10015732533654e-11,1.85513897071394e-11,1.35504732934202e-12
"COY09","Coyhaique","nerv02",-0.0220363886060606,99,-9.85704952846913,2.47266016025953e-16,383,2.87893790543822e-13,2.96719219231143e-14,2.29957394904136e-14,1.05971149725408e-15,3.45472548652587e-11,2.96530604260137e-11,1.91929193695882e-12
"COY10","Coyhaique","nerv02",-0.02086327090625,96,-8.21897495221188,1.03829063203573e-12,449,6.66671440991193e-12,1.24594875844288e-10,8.30632505628584e-11,3.03889941083628e-12,8.00005729189432e-10,6.00004296892074e-10,2.58066364254655e-11
"COY11","Coyhaique","nerv02",-0.02923995656,100,-12.0215264150425,4.61494452947358e-21,263,7.49888811602258e-15,5.53793343536829e-19,4.98414009183146e-19,4.25994879643715e-20,8.99866573922709e-13,8.99866573922709e-13,2.3998597444228e-13
"COY12","Coyhaique","nerv02",-0.02617334565,100,-10.7644225964898,2.36857025554944e-18,334,5.0102891076803e-14,2.84228430665933e-16,2.41594166066043e-16,1.49593910876807e-17,6.01234692921636e-12,5.56142090952513e-12,6.01234692921636e-13
"RPR01","Ribeirão Preto","nerv02",-0.0783662162162162,74,-21.667213229871,1.60658820510465e-33,1,8.22253356719718e-14,1.92790584612557e-31,1.86364231792139e-31,3.85581169225115e-32,9.86704028063662e-12,8.79811091690098e-12,7.04788591474044e-13
"RPR02","Ribeirão Preto","nerv02",-0.017042878576923,78,-7.25728536472782,2.69791397575915e-10,382,8.03553476087971e-09,3.23749677091098e-08,1.83458150351622e-08,6.10848447341695e-10,9.64264171305565e-07,5.22309759457181e-07,1.72190030590279e-08
"RPR03","Ribeirão Preto","nerv02",-0.0455943485375,80,-14.9377544461902,1.00909828533234e-24,11,1.21145544625091e-14,1.21091794239881e-22,1.13019007957222e-22,1.34546438044312e-23,1.4537465355011e-12,1.40528831765106e-12,2.5157305600514e-13
"RPR04","Ribeirão Preto","nerv02",-0.0274523528481013,79,-12.5369130305612,2.22250841372021e-20,97,4.32182099155572e-13,2.66701009646425e-18,2.37808400268063e-18,1.90500721176018e-19,5.18618518986687e-11,4.36503920147128e-11,2.59309259493343e-12
"RPR05","Ribeirão Preto","nerv02",-0.0183648988125,80,-7.12890350354874,4.23189304863022e-10,384,5.14257665375163e-09,5.07827165835627e-08,2.70841155112334e-08,8.90924852343205e-10,6.17109198450196e-07,3.44552635801359e-07,1.14279481194481e-08
"RPR06","Ribeirão Preto","nerv02",-0.0204929102875,80,-7.99821552071453,8.78847236976387e-12,367,1.88580475447872e-09,1.05461668437166e-09,6.5913542773229e-10,2.29264496602536e-11,2.26296570537446e-07,1.35777942322467e-07,4.59073294826285e-09
"RPR07","Ribeirão Preto","nerv02",-0.025076853025,80,-9.43773968063124,1.36240960257815e-14,238,3.44739974665124e-11,1.63489152309378e-12,1.18529635424299e-12,4.8085044796876e-14,4.13687969598149e-09,2.86134178972053e-09,1.08865255157408e-10
"RPR08","Ribeirão Preto","nerv02",-0.1077009207875,80,-39.0371196209593,2.11325096903624e-53,0,7.99953248140933e-15,2.53590116284349e-51,2.53590116284349e-51,2.53590116284349e-51,9.5994389776912e-13,9.5194436528771e-13,2.3998597444228e-13
"RPR09","Ribeirão Preto","nerv02",-0.0194471025,80,-8.20357429672009,3.49593019810942e-12,273,1.0595516189934e-10,4.1951162377313e-10,2.72682555452535e-10,9.75608427379373e-12,1.27146194279208e-08,8.47641295194722e-09,3.10112668973679e-10
"RPR10","Ribeirão Preto","nerv02",-0.0301098076075949,79,-11.3929864045365,2.86406844693131e-18,100,4.81504706098664e-13,3.43688213631757e-16,2.89270913140062e-16,1.71844106815878e-17,5.77805647318396e-11,4.81504706098664e-11,2.75145546342094e-12
"RPR11","Ribeirão Preto","nerv02",-0.0341936307375,80,-11.2964516471474,3.63858969737233e-18,41,3.70535076384266e-14,4.36630763684679e-16,3.6022038003986e-16,1.98468528947582e-17,4.44642091661119e-12,4.14999285550378e-12,4.94046768512355e-13
"RPR12","Ribeirão Preto","nerv02",-0.04466667215,60,-12.1850517829699,9.42231925057429e-18,27,6.42833947376168e-11,1.13067831006891e-15,9.13964967305706e-16,4.55468783732226e-17,7.71400736851401e-09,5.27123836848458e-09,1.97795060731129e-10
"COY01","Coyhaique","nerv03",-0.0186433099292929,99,-7.18005948597546,1.36039816360806e-10,754,1.91280539510952e-09,1.63247779632967e-08,9.65882696161722e-09,3.26495559265934e-10,2.29536647413142e-07,1.35809183052776e-07,4.59073294826285e-09
"COY02","Coyhaique","nerv03",-0.023073475877551,98,-7.82834637627739,6.20378644039482e-12,613,2.24330887832286e-10,7.44454372847378e-10,4.71487769470006e-10,1.65434305077195e-11,2.69197065398744e-08,1.74978092509183e-08,6.26039686973822e-10
"COY03","Coyhaique","nerv03",-0.00830863943434343,99,-2.93721997247566,0.00412796855503974,1610,0.00387681082653839,0.495356226604769,0.132094993761272,0.00556580029892998,0.465217299184607,0.124057946449229,0.00522716066499558
"COY04","Coyhaique","nerv03",-0.0204411441410256,78,-6.18970875685142,2.7149948368458e-08,489,2.7709261542193e-07,3.25799380421496e-06,1.52039710863365e-06,5.0122981603307e-08,3.32511138506316e-05,1.55171864636281e-05,5.11555597702025e-07
"COY05","Coyhaique","nerv03",-0.0175726033195876,97,-6.91546726938474,5.16936344797815e-10,807,1.64578180975913e-08,6.20323613757378e-08,3.25669897222623e-08,1.06952347199548e-09,1.97493817171096e-06,1.00392690395307e-06,3.29156361951827e-08
"COY06","Coyhaique","nerv03",0.00624119570312499,64,1.98211595824923,0.0518323041994898,1302,0.0445019837420388,1,0.881149171391327,0.0598065048455652,1,0.890039674840776,0.0528736440499471
"COY07","Coyhaique","nerv03",-0.0159905331153846,78,-4.42071814636262,3.1829673844257e-05,724,4.8178086338844e-05,0.00381956086131084,0.00159148369221285,5.37966318494484e-05,0.00578137036066128,0.00245708240328105,8.2591005152304e-05
"COY08","Coyhaique","nerv03",-0.00462420829999999,100,-1.58453239557629,0.116261916795633,2062,0.149939688941442,1,1,0.125688558697982,1,1,0.159227988256398
"COY09","Coyhaique","nerv03",-0.0187674505959596,99,-7.72960592800835,9.53219989293739e-12,671,5.11829721495519e-10,1.14386398715249e-09,7.05382792077367e-10,2.43375316415423e-11,6.14195665794622e-08,3.88990588336594e-08,1.36487925732138e-09
"COY10","Coyhaique","nerv03",-0.001081603125,96,-0.355220409935634,0.723211926708326,2219,0.691741575180943,1,1,0.729289337857136,1,1,0.691741575180943
"COY11","Coyhaique","nerv03",-0.00763971433,100,-2.83068764254422,0.00562566684131221,1813,0.014430357670336,0.675080020957465,0.168770005239366,0.00741846176876335,1,0.389619657099073,0.0184217331961737
"COY12","Coyhaique","nerv03",-0.00540992556000001,100,-1.5904361070086,0.114924933443256,1973,0.0800527089453679,1,1,0.12537265466537,1,1,0.0889474543837421
"RPR01","Ribeirão Preto","nerv03",-0.0850816216216216,74,-21.1065642557098,8.39748575948258e-33,0,7.89272546444834e-14,1.00769829113791e-30,9.65710862340497e-31,1.67949715189652e-31,9.47127055733801e-12,8.60218444299109e-12,7.04788591474044e-13
"RPR02","Ribeirão Preto","nerv03",-0.0328250041025641,78,-10.4171965068154,2.3277648857162e-16,160,6.26726547378833e-12,2.79331786285943e-14,2.18809899257322e-14,1.03456217142942e-15,7.520718568546e-10,5.70321158114738e-10,2.50690618951533e-11
"RPR03","Ribeirão Preto","nerv03",-0.0547406929625,80,-17.255244202946,1.59921522826251e-28,12,1.2578652800257e-14,1.91905827391502e-26,1.82310536021926e-26,2.74151181987859e-27,1.50943833603084e-12,1.44654507202955e-12,2.5157305600514e-13
"RPR04","Ribeirão Preto","nerv03",-0.0294742744683544,79,-10.1376398714109,6.86591271961397e-16,159,3.86362021026921e-12,8.23909526353677e-14,6.24798057484871e-14,2.74636508784559e-15,4.63634425232306e-10,3.55453059344768e-10,1.59873939735278e-11
"RPR05","Ribeirão Preto","nerv03",-0.0250060230125,80,-8.37614432228364,1.60958282403183e-12,299,2.3966560082754e-10,1.93149938883819e-10,1.27157043098514e-10,4.59880806866236e-12,2.87598720993048e-08,1.84542512637206e-08,6.53633456802383e-10
"RPR06","Ribeirão Preto","nerv03",-0.027938293575,80,-10.2113652754166,4.30742660290823e-16,142,1.37531985000114e-12,5.16891192348988e-14,3.96283247467557e-14,1.78238342189306e-15,1.65038382000137e-10,1.30655385750108e-10,6.34763007692833e-12
"RPR07","Ribeirão Preto","nerv03",-0.0263509251875,80,-7.24802247214494,2.49812419467861e-10,393,4.03758310161098e-09,2.99774903361433e-08,1.72370569432824e-08,5.76490198771986e-10,4.84509972193318e-07,2.74555650909547e-07,9.14169758855317e-09
"RPR08","Ribeirão Preto","nerv03",-0.0931802215125,80,-30.4146878831378,2.26970442450951e-45,0,7.99953248140933e-15,2.72364530941141e-43,2.67825122092122e-43,9.07881769803804e-44,9.5994389776912e-13,9.5194436528771e-13,2.3998597444228e-13
"RPR09","Ribeirão Preto","nerv03",-0.0230971933375,80,-7.56562177264801,6.08626613740793e-11,382,2.93120298133048e-09,7.30351936488951e-09,4.38211161893371e-09,1.4905141560999e-10,3.51744357759658e-07,2.02253005711803e-07,6.76431457230112e-09
"RPR10","Ribeirão Preto","nerv03",-0.0340011951012658,79,-11.4670900848073,2.08187375373378e-18,103,5.36342922117382e-13,2.49824850448054e-16,2.1443299663458e-16,1.38791583582252e-17,6.43611506540858e-11,5.30979492896208e-11,2.92550684791299e-12
"RPR11","Ribeirão Preto","nerv03",-0.0334862969625,80,-12.2688762218863,5.54693160393787e-20,101,3.26085010316829e-13,6.65631792472544e-18,5.82427818413476e-18,4.1601987029534e-19,3.91302012380195e-11,3.32606710523165e-11,2.05948427568523e-12
"RPR12","Ribeirão Preto","nerv03",-0.0521622455,60,-15.1864639180665,4.7658745829501e-22,4,2.04547883477884e-11,5.71904949954012e-20,5.24246204124511e-20,5.19913590867283e-21,2.45457460173461e-09,1.73865700956201e-09,6.81826278259613e-11
"COY01","Coyhaique","nerv04",-0.0134734089292929,99,-6.54429439029608,2.74545114459804e-09,887,3.01032722629043e-08,3.29454137351765e-07,1.61981617531284e-07,5.31377640889943e-09,3.61239267154851e-06,1.77609306351135e-06,5.82643979282018e-08
"COY02","Coyhaique","nerv04",-0.00638711452040815,98,-2.6496949226068,0.0094075004687156,1685,0.0188798581427781,1,0.263410013124037,0.0121387102822137,1,0.490876311712231,0.0238482418645618
"COY03","Coyhaique","nerv04",0.00370446097979798,99,1.6616260189489,0.0997836011614276,2843,0.139495698513149,1,1,0.109853505865792,1,1,0.149459676978374
"COY04","Coyhaique","nerv04",-0.0058753186923077,78,-2.61070135226949,0.0108554050070096,1073,0.0200179455829458,1,0.29309593518926,0.0137349388993031,1,0.490876311712231,0.0247644687624072
"COY05","Coyhaique","nerv04",-0.00676641170103092,97,-3.11935369142295,0.00239325055628287,1550,0.00295730514484219,0.287190066753944,0.0813705189136176,0.00330103525004534,0.354876617381062,0.103505680069477,0.00412647229512863
"COY06","Coyhaique","nerv04",0.010022830328125,64,4.39631688283316,4.31680888983821e-05,1589,7.06270566650414e-05,0.00518017066780585,0.00211523635602072,7.19468148306368e-05,0.00847524679980497,0.00339009871992199,0.000116099271230205
"COY07","Coyhaique","nerv04",-0.00782811078205128,78,-3.67725668825856,0.000434356870052443,852,0.000610834057703259,0.0521228244062931,0.018677345412255,0.00066824133854222,0.0733000869243911,0.0268766985389434,0.000951949180836248
"COY08","Coyhaique","nerv04",0.0091286926,100,5.00856199343956,2.39497567715321e-06,3826.5,2.41249777140469e-06,0.000287397081258385,0.000129328686566273,4.28950867549829e-06,0.000289499732568563,0.000130274879655853,4.32089153087408e-06
"COY09","Coyhaique","nerv04",-0.00402299433333334,99,-1.7161621513917,0.0892919364266985,1695,0.00968675115382915,1,1,0.0992132626963316,1,0.290602534614875,0.0127737377852692
"COY10","Coyhaique","nerv04",0.0133002328854167,96,5.89230119156547,5.76522865166488e-08,3733,2.8594983053742e-07,6.91827438199786e-06,3.17087575841569e-06,1.0482233912118e-07,3.43139796644904e-05,1.57272406795581e-05,5.19908782795309e-07
"COY11","Coyhaique","nerv04",0.00681015662,100,3.51533827968682,0.000664156192951058,3433,0.0018067933089117,0.0796987431541269,0.0265662477180423,0.000983935100668234,0.216815197069404,0.0686581457386446,0.00261223128999282
"COY12","Coyhaique","nerv04",0.01372572336,100,6.9941019471971,3.18398407184128e-10,4144,1.14426101946216e-09,3.82078088620954e-08,2.10142948741525e-08,6.94687433856279e-10,1.37311322335459e-07,8.35310544207376e-08,2.8606525486554e-09
"RPR01","Ribeirão Preto","nerv04",-0.0707983783783784,74,-26.8729580018945,1.36111590155896e-39,0,7.89191233301935e-14,1.63333908187075e-37,1.59250560482398e-37,4.08334770467687e-38,9.47029479962322e-12,8.60218444299109e-12,7.04788591474044e-13
"RPR02","Ribeirão Preto","nerv04",-0.0214553255641026,78,-9.3462435103507,2.58429917696992e-14,180,1.25422947501621e-11,3.1011590123639e-12,2.22249729219413e-12,8.86045432103972e-14,1.50507537001945e-09,1.0911796432641e-09,4.42669226476309e-11
"RPR03","Ribeirão Preto","nerv04",-0.0436829953375,80,-16.6457284005417,1.49566716968621e-27,25,2.04637799725235e-14,1.79480060362346e-25,1.69010390174542e-25,2.24350075452932e-26,2.45565359670282e-12,2.31240713689516e-12,3.06956699587853e-13
"RPR04","Ribeirão Preto","nerv04",-0.0227125572658228,79,-10.7872475910884,3.96224692331144e-17,73,1.80672977245603e-13,4.75469630797373e-15,3.76413457714587e-15,1.82872934922066e-16,2.16807572694724e-11,1.89706626107883e-11,1.35504732934202e-12
"RPR05","Ribeirão Preto","nerv04",-0.0173896395375,80,-8.17176057820346,4.03297244750074e-12,337,7.68802901351477e-10,4.83956693700089e-10,3.10538878457557e-10,1.09990157659111e-11,9.22563481621773e-08,5.76602176013608e-08,2.00557278613429e-09
"RPR06","Ribeirão Preto","nerv04",-0.0232090320875,80,-10.0045282664652,1.08106575041619e-15,132,9.71557184060069e-13,1.29727890049943e-13,9.72959175374575e-14,4.10663376309816e-15,1.16586862087208e-10,9.52126040378868e-11,4.90754380480732e-12
"RPR07","Ribeirão Preto","nerv04",-0.0153869049,80,-6.88983254219944,1.21286522972985e-09,433,2.1064254086864e-08,1.45543827567582e-07,7.27719137837912e-08,2.38596438635381e-09,2.52771049042368e-06,1.26385524521184e-06,4.14378768921915e-08
"RPR08","Ribeirão Preto","nerv04",-0.0768156880625,80,-31.9539238565645,6.136907907624e-47,0,7.99953248140933e-15,7.3642894891488e-45,7.30292041007256e-45,3.6821447445744e-45,9.5994389776912e-13,9.5194436528771e-13,2.3998597444228e-13
"RPR09","Ribeirão Preto","nerv04",-0.0165638680125,80,-7.20816576265188,2.98045925045966e-10,418,8.27556321191056e-09,3.57655110055159e-08,1.99690769780797e-08,6.62324277879924e-10,9.93067585429267e-07,5.29636045562276e-07,1.74222383408643e-08
"RPR10","Ribeirão Preto","nerv04",-0.0196896005949367,79,-8.66715615711203,4.7770488879285e-13,267,1.41491081551949e-10,5.7324586655142e-11,3.91718008810137e-11,1.46986119628569e-12,1.69789297862339e-08,1.1177795442604e-08,4.0426023300557e-10
"RPR11","Ribeirão Preto","nerv04",-0.02898605875,80,-13.4393979776877,4.15248554704806e-22,52,5.55439243824725e-14,4.98298265645767e-20,4.60925895722334e-20,4.98298265645767e-21,6.66527092589671e-12,6.10983168207198e-12,6.05933720536064e-13
"RPR12","Ribeirão Preto","nerv04",-0.0425978368166667,60,-15.0330649198843,7.6864777432903e-22,6,2.26215904364619e-11,9.22377329194836e-20,8.37826074018642e-20,7.6864777432903e-21,2.71459085237543e-09,1.9002135966628e-09,7.33673203344712e-11
"COY01","Coyhaique","nerv05",0.00405630005050505,99,2.42341206046163,0.0172103553714185,3136.5,0.0210500788558048,1,0.413048528914045,0.0212911612842291,1,0.490876311712231,0.0257756067622099
"COY02","Coyhaique","nerv05",0.00491792539795918,98,2.85509854520218,0.0052618960039939,3149,0.00547221131513736,0.631427520479268,0.163118776123811,0.00701586133865854,0.656665357816484,0.169638550769258,0.00729628175351648
"COY03","Coyhaique","nerv05",0.00393445501010102,99,2.10672308160859,0.0376955483847295,2902,0.0588820635951198,1,0.79160651607932,0.0452346580616754,1,1,0.0679408426097537
"COY04","Coyhaique","nerv05",0.00356063376923077,78,1.77393680946213,0.0800269960372244,1796,0.0851656162634163,1,1,0.0897499020978217,1,1,0.0937603114826601
"COY05","Coyhaique","nerv05",0.00569805568041237,97,3.23356159852869,0.00167663518847807,3224,0.00106625261744264,0.201196222617368,0.0620355019736885,0.00239519312639724,0.127950314093117,0.0426501046977056,0.00157963350732243
"COY06","Coyhaique","nerv05",0.00743513960937499,64,3.4730503005259,0.000935821170918321,1428,0.00156692811490957,0.112298540510198,0.0355612044948962,0.00135299446397829,0.188031373789149,0.0611101964814733,0.00229306553401401
"COY07","Coyhaique","nerv05",0.00284609767948717,78,1.53899817577696,0.127904304816703,1869,0.10232463825603,1,1,0.137040326589324,1,1,0.110621230547059
"COY08","Coyhaique","nerv05",0.00399786387,100,2.51202593267669,0.0136205993621762,3080,0.0565787391777634,1,0.340514984054406,0.0170257492027203,1,1,0.0659169776828311
"COY09","Coyhaique","nerv05",0.00662763702020202,99,3.69088640560673,0.000367395076884377,3390,0.000635463297359616,0.0440874092261252,0.0164123665965556,0.000572563756183444,0.0762555956831539,0.0268766985389434,0.000965260704850049
"COY10","Coyhaique","nerv05",0.00518585623958334,96,2.75815380127427,0.00697267513621852,3008,0.0130242984667257,0.836721016346222,0.202207578950337,0.0090947936559372,1,0.364680357068318,0.0168055464086783
"COY11","Coyhaique","nerv05",0.00181633416000001,100,1.10639649539018,0.271236193655774,2872,0.233504614076892,1,1,0.285511782795551,1,1,0.243656988601974
"COY12","Coyhaique","nerv05",0.00634348973000001,100,3.59603548448501,0.000506025142009612,3491,0.000393523764386405,0.0607230170411535,0.0208015869803311,0.000759037713014418,0.0472228517263686,0.0177085693973882,0.000621353312189061
"RPR01","Ribeirão Preto","nerv05",-0.00965297297297299,74,-4.65490441704045,1.41610145490043e-05,646,6.55344530998199e-05,0.00169932174588051,0.000736372756548222,2.46278513895726e-05,0.00786413437197839,0.00321118820189118,0.0001092240884997
"RPR02","Ribeirão Preto","nerv05",0.00354422071794872,78,2.04077974250732,0.0447001521427994,1929,0.053293887673439,1,0.805260234635502,0.0520778471566595,1,1,0.0626986913805165
"RPR03","Ribeirão Preto","nerv05",-0.0011769515,80,-0.592882197798411,0.554953438753346,1366,0.224038713803851,1,1,0.569183014105996,1,1,0.235830225056686
"RPR04","Ribeirão Preto","nerv05",0.00472463518987342,79,3.01030603218144,0.0035149917039613,2182,0.00328665545705987,0.421799004475356,0.115994726230723,0.00479317050540177,0.394398654847184,0.108459630082976,0.00448180289599073
"RPR05","Ribeirão Preto","nerv05",0.000469175099999999,80,0.288522012058667,0.77370286552063,1818,0.343502884411395,1,1,0.77370286552063,1,1,0.352310650678353
"RPR06","Ribeirão Preto","nerv05",0.0051579433,80,3.4541011702979,0.000890631081961825,2200,0.00246553419642164,0.106875729835419,0.0347346121965112,0.00130336255896852,0.295864103570596,0.0887592310711789,0.00348075415965407
"RPR07","Ribeirão Preto","nerv05",0.0037483044875,80,2.29596737182592,0.0243290425020077,2060,0.0191114531144118,1,0.535238935044168,0.029489748487282,1,0.490876311712231,0.0238893163930147
"RPR08","Ribeirão Preto","nerv05",-0.0248097143875,80,-12.4657176509165,2.40823048219537e-20,96,2.72881017937092e-13,2.88987657863444e-18,2.55272431112709e-18,1.92658438575629e-19,3.2745722152451e-11,2.83796258654575e-11,1.91929193695882e-12
"RPR09","Ribeirão Preto","nerv05",0.000661632787499991,80,0.43054983955282,0.667968095284063,1708,0.674722796148987,1,1,0.679289588424471,1,1,0.680392735612424
"RPR10","Ribeirão Preto","nerv05",0.00340188836708861,79,1.86333412242216,0.0661792334688558,1961,0.0629520562235377,1,0.992688502032837,0.0749198869458745,1,1,0.0719452071126145
"RPR11","Ribeirão Preto","nerv05",0.0032586539125,80,2.08792134049964,0.0400271760216241,2026,0.0294664326201078,1,0.800543520432482,0.0475570408177712,1,0.648261517642371,0.0357168880243731
"RPR12","Ribeirão Preto","nerv05",0.00632971328333334,60,3.26109837606951,0.0018461973242934,1318,0.00304611827432489,0.221543678915208,0.0664631036745623,0.00260639622253185,0.365534192918986,0.103568021327046,0.00420154244734467
