AMOSTRA,colony_code,mean_nerv,origin,colony_num
1,CH01,1.2157231662,Chile,01
2,CH01,1.250049864,Chile,01
3,CH01,1.2876233548,Chile,01
4,CH01,1.2319891832,Chile,01
5,CH01,1.2518839788,Chile,01
6,CH01,1.2332179218000001,Chile,01
7,CH01,1.2293691037999999,Chile,01
8,CH01,1.2393701421999999,Chile,01
9,CH01,1.2494559239999998,Chile,01
10,CH01,1.2147135022,Chile,01
11,CH01,1.2575866346,Chile,01
12,CH01,1.2453428152000001,Chile,01
13,CH01,1.193659028,Chile,01
14,CH01,1.2943996242,Chile,01
15,CH01,1.1589824863999998,Chile,01
16,CH01,1.2394026128,Chile,01
17,CH01,1.2352185304,Chile,01
18,CH01,1.2343336382,Chile,01
19,CH01,1.1888749728,Chile,01
20,CH01,1.2963005678,Chile,01
21,CH01,1.2206097696,Chile,01
22,CH01,1.287858891,Chile,01
23,CH01,1.199391135,Chile,01
24,CH01,1.2387127122000001,Chile,01
25,CH01,1.2767325924000001,Chile,01
26,CH01,1.2595570461999999,Chile,01
27,CH01,1.2588621953999999,Chile,01
28,CH01,1.2784714411999998,Chile,01
29,CH01,1.2415404828,Chile,01
30,CH01,1.2336226261999998,Chile,01
31,CH01,1.2766109438000002,Chile,01
32,CH01,1.2582938996,Chile,01
33,CH01,1.233357255,Chile,01
34,CH01,1.1477724323999998,Chile,01
35,CH01,1.246459466,Chile,01
36,CH01,1.2608919928,Chile,01
37,CH01,1.2145985708,Chile,01
38,CH01,1.2208373862,Chile,01
39,CH01,1.2443907079999998,Chile,01
40,CH01,1.255706756,Chile,01
41,CH01,1.2762088062,Chile,01
42,CH01,1.286802394,Chile,01
43,CH01,1.2719298937999999,Chile,01
44,CH01,1.2138861396,Chile,01
45,CH01,1.1834913014,Chile,01
46,CH01,1.2277140041999999,Chile,01
47,CH01,1.2537449070000002,Chile,01
48,CH01,1.2629295244,Chile,01
49,CH01,1.2055820795999999,Chile,01
50,CH01,1.2399730908,Chile,01
51,CH01,1.2592119062,Chile,01
52,CH01,1.2260970223999998,Chile,01
53,CH01,1.3138556529999998,Chile,01
54,CH01,1.2362138206,Chile,01
55,CH01,1.2426917424,Chile,01
56,CH01,1.2646409775999998,Chile,01
57,CH01,1.2285262794,Chile,01
58,CH01,1.236688466,Chile,01
59,CH01,1.2422168562000002,Chile,01
60,CH01,1.264087835,Chile,01
61,CH01,1.2814001518,Chile,01
62,CH01,1.2440633505999998,Chile,01
63,CH01,1.3188132006,Chile,01
64,CH01,1.2466486178,Chile,01
65,CH01,1.1826288018,Chile,01
66,CH01,1.24267262,Chile,01
67,CH01,1.2069766378,Chile,01
68,CH01,1.2215677768000002,Chile,01
69,CH01,1.2105012320000001,Chile,01
70,CH01,1.2356920532,Chile,01
71,CH01,1.2568678648,Chile,01
72,CH01,1.2396945549999998,Chile,01
73,CH01,1.2099397265999998,Chile,01
74,CH01,1.3265018077500002,Chile,01
75,CH01,1.2425682058,Chile,01
76,CH01,1.2363175173999998,Chile,01
77,CH01,1.2375304432,Chile,01
78,CH01,1.1954921224,Chile,01
79,CH01,1.2975670845999998,Chile,01
80,CH01,1.2361467624,Chile,01
81,CH01,1.2277653572,Chile,01
82,CH01,1.2670914461999998,Chile,01
83,CH01,1.2509810232,Chile,01
84,CH01,1.2163055064,Chile,01
85,CH01,1.2318696856,Chile,01
86,CH01,1.1760672468,Chile,01
87,CH01,1.2623170326,Chile,01
88,CH01,1.2238635772,Chile,01
89,CH01,1.2162585179999998,Chile,01
90,CH01,1.2459297372,Chile,01
91,CH01,1.2604044046,Chile,01
92,CH01,1.2358361738,Chile,01
93,CH01,1.2173257742,Chile,01
94,CH01,1.2127483326,Chile,01
95,CH01,1.2715214410000002,Chile,01
96,CH01,1.2389550249999999,Chile,01
97,CH01,1.2184802542,Chile,01
98,CH01,1.2178119673999999,Chile,01
99,CH01,1.2286946564,Chile,01
100,CH01,1.2097471728,Chile,01
1,RP01,1.199624,Ribeirao_Preto,01
2,RP01,1.23731,Ribeirao_Preto,01
3,RP01,1.22205,Ribeirao_Preto,01
4,RP01,1.165066,Ribeirao_Preto,01
5,RP01,1.21129,Ribeirao_Preto,01
6,RP01,1.189224,Ribeirao_Preto,01
7,RP01,1.254204,Ribeirao_Preto,01
8,RP01,1.2074520000000002,Ribeirao_Preto,01
9,RP01,1.195864,Ribeirao_Preto,01
10,RP01,1.237542,Ribeirao_Preto,01
11,RP01,1.186898,Ribeirao_Preto,01
12,RP01,1.23252,Ribeirao_Preto,01
13,RP01,1.196386,Ribeirao_Preto,01
14,RP01,1.205206,Ribeirao_Preto,01
15,RP01,1.21583,Ribeirao_Preto,01
16,RP01,1.229132,Ribeirao_Preto,01
17,RP01,1.19862,Ribeirao_Preto,01
18,RP01,1.228312,Ribeirao_Preto,01
19,RP01,1.1662919999999999,Ribeirao_Preto,01
20,RP01,1.2678880000000001,Ribeirao_Preto,01
21,RP01,1.2243840000000001,Ribeirao_Preto,01
22,RP01,1.2575939999999999,Ribeirao_Preto,01
23,RP01,1.2106540000000001,Ribeirao_Preto,01
24,RP01,1.207922,Ribeirao_Preto,01
25,RP01,1.2085339999999998,Ribeirao_Preto,01
26,RP01,1.191308,Ribeirao_Preto,01
27,RP01,1.1570040000000001,Ribeirao_Preto,01
28,RP01,1.239856,Ribeirao_Preto,01
29,RP01,1.21539,Ribeirao_Preto,01
30,RP01,1.20122,Ribeirao_Preto,01
31,RP01,1.1857140000000002,Ribeirao_Preto,01
32,RP01,1.22437,Ribeirao_Preto,01
33,RP01,1.2237,Ribeirao_Preto,01
34,RP01,1.198166,Ribeirao_Preto,01
35,RP01,1.2152360000000002,Ribeirao_Preto,01
36,RP01,1.176472,Ribeirao_Preto,01
37,RP01,1.2306339999999998,Ribeirao_Preto,01
38,RP01,1.2267579999999998,Ribeirao_Preto,01
39,RP01,1.2200579999999999,Ribeirao_Preto,01
40,RP01,1.249866,Ribeirao_Preto,01
41,RP01,1.19963,Ribeirao_Preto,01
42,RP01,1.2034860000000003,Ribeirao_Preto,01
43,RP01,1.18602,Ribeirao_Preto,01
44,RP01,1.183688,Ribeirao_Preto,01
45,RP01,1.1863139999999999,Ribeirao_Preto,01
46,RP01,1.162326,Ribeirao_Preto,01
47,RP01,1.16872,Ribeirao_Preto,01
48,RP01,1.235426,Ribeirao_Preto,01
49,RP01,1.205706,Ribeirao_Preto,01
50,RP01,1.184384,Ribeirao_Preto,01
51,RP01,1.172866,Ribeirao_Preto,01
52,RP01,1.215756,Ribeirao_Preto,01
53,RP01,1.1734280000000001,Ribeirao_Preto,01
54,RP01,1.20971,Ribeirao_Preto,01
55,RP01,1.190008,Ribeirao_Preto,01
56,RP01,1.149562,Ribeirao_Preto,01
57,RP01,1.182352,Ribeirao_Preto,01
58,RP01,1.234728,Ribeirao_Preto,01
59,RP01,1.194474,Ribeirao_Preto,01
60,RP01,1.207324,Ribeirao_Preto,01
61,RP01,1.204122,Ribeirao_Preto,01
62,RP01,1.1965600000000003,Ribeirao_Preto,01
63,RP01,1.145238,Ribeirao_Preto,01
64,RP01,1.202776,Ribeirao_Preto,01
65,RP01,1.2192500000000002,Ribeirao_Preto,01
66,RP01,1.1888560000000001,Ribeirao_Preto,01
67,RP01,1.161572,Ribeirao_Preto,01
68,RP01,1.240298,Ribeirao_Preto,01
69,RP01,1.1845,Ribeirao_Preto,01
70,RP01,1.1711619999999998,Ribeirao_Preto,01
71,RP01,1.20288,Ribeirao_Preto,01
72,RP01,1.209106,Ribeirao_Preto,01
73,RP01,1.12286,Ribeirao_Preto,01
74,RP01,1.231626,Ribeirao_Preto,01
75,RP01,,Ribeirao_Preto,01
76,RP01,,Ribeirao_Preto,01
77,RP01,,Ribeirao_Preto,01
78,RP01,,Ribeirao_Preto,01
79,RP01,,Ribeirao_Preto,01
80,RP01,,Ribeirao_Preto,01
81,RP01,,Ribeirao_Preto,01
82,RP01,,Ribeirao_Preto,01
83,RP01,,Ribeirao_Preto,01
84,RP01,,Ribeirao_Preto,01
85,RP01,,Ribeirao_Preto,01
86,RP01,,Ribeirao_Preto,01
87,RP01,,Ribeirao_Preto,01
88,RP01,,Ribeirao_Preto,01
89,RP01,,Ribeirao_Preto,01
90,RP01,,Ribeirao_Preto,01
91,RP01,,Ribeirao_Preto,01
92,RP01,,Ribeirao_Preto,01
93,RP01,,Ribeirao_Preto,01
94,RP01,,Ribeirao_Preto,01
95,RP01,,Ribeirao_Preto,01
96,RP01,,Ribeirao_Preto,01
97,RP01,,Ribeirao_Preto,01
98,RP01,,Ribeirao_Preto,01
99,RP01,,Ribeirao_Preto,01
100,RP01,,Ribeirao_Preto,01
1,CH04,1.2659689538,Chile,04
2,CH04,1.2325298244,Chile,04
3,CH04,1.3053042754,Chile,04
4,CH04,1.2724226915999999,Chile,04
5,CH04,1.3058379048,Chile,04
6,CH04,1.2456396668,Chile,04
7,CH04,1.2489709629999999,Chile,04
8,CH04,1.2646996066,Chile,04
9,CH04,1.2914064876,Chile,04
10,CH04,1.2693391046,Chile,04
11,CH04,1.2967821149999998,Chile,04
12,CH04,1.2240822148000001,Chile,04
13,CH04,1.2262902489999998,Chile,04
14,CH04,1.2698143718000001,Chile,04
15,CH04,1.2693830402000001,Chile,04
16,CH04,1.2351938214,Chile,04
17,CH04,1.3103769812,Chile,04
18,CH04,1.2105768264,Chile,04
19,CH04,1.2355650614,Chile,04
20,CH04,1.2560804842,Chile,04
21,CH04,1.2669036457999998,Chile,04
22,CH04,1.2732370272,Chile,04
23,CH04,1.3212152454,Chile,04
24,CH04,1.2959456288,Chile,04
25,CH04,1.2055984242,Chile,04
26,CH04,1.1849232812000001,Chile,04
27,CH04,1.306710581,Chile,04
28,CH04,1.2727213148,Chile,04
29,CH04,1.2743262724,Chile,04
30,CH04,1.3194312460000002,Chile,04
31,CH04,1.2727487378,Chile,04
32,CH04,1.2460718046,Chile,04
33,CH04,1.2609585396,Chile,04
34,CH04,1.2655138412,Chile,04
35,CH04,1.2593957053999998,Chile,04
36,CH04,1.246043473,Chile,04
37,CH04,1.2751206478000001,Chile,04
38,CH04,1.2649823898,Chile,04
39,CH04,1.2470132690000002,Chile,04
40,CH04,1.2985488254,Chile,04
41,CH04,1.2051211685999998,Chile,04
42,CH04,1.2329646699999999,Chile,04
43,CH04,1.2112667097999998,Chile,04
44,CH04,1.222269938,Chile,04
45,CH04,1.2660198508,Chile,04
46,CH04,1.256515514,Chile,04
47,CH04,1.2418731412,Chile,04
48,CH04,1.2332473536000002,Chile,04
49,CH04,1.2228573882,Chile,04
50,CH04,1.2659960185999999,Chile,04
51,CH04,1.248227603,Chile,04
52,CH04,1.2686183114,Chile,04
53,CH04,1.2502526301999999,Chile,04
54,CH04,1.2782603164000002,Chile,04
55,CH04,1.2411058259999999,Chile,04
56,CH04,1.269794527,Chile,04
57,CH04,1.2564152551999999,Chile,04
58,CH04,1.258260919,Chile,04
59,CH04,1.1896754511999998,Chile,04
60,CH04,1.2740758972,Chile,04
61,CH04,1.2705782722,Chile,04
62,CH04,1.2957705707999998,Chile,04
63,CH04,1.2162365652,Chile,04
64,CH04,1.2322313218,Chile,04
65,CH04,1.269996096,Chile,04
66,CH04,1.23453636,Chile,04
67,CH04,1.2331237376000002,Chile,04
68,CH04,1.282752854,Chile,04
69,CH04,1.2576828241999998,Chile,04
70,CH04,1.2627349419999998,Chile,04
71,CH04,1.2412978704,Chile,04
72,CH04,1.254953859,Chile,04
73,CH04,1.2299755392,Chile,04
74,CH04,1.2170026024,Chile,04
75,CH04,1.268676486,Chile,04
76,CH04,1.2622776256,Chile,04
77,CH04,1.2768930446,Chile,04
78,CH04,1.2324447624,Chile,04
79,CH04,,Chile,04
80,CH04,,Chile,04
81,CH04,,Chile,04
82,CH04,,Chile,04
83,CH04,,Chile,04
84,CH04,,Chile,04
85,CH04,,Chile,04
86,CH04,,Chile,04
87,CH04,,Chile,04
88,CH04,,Chile,04
89,CH04,,Chile,04
90,CH04,,Chile,04
91,CH04,,Chile,04
92,CH04,,Chile,04
93,CH04,,Chile,04
94,CH04,,Chile,04
95,CH04,,Chile,04
96,CH04,,Chile,04
97,CH04,,Chile,04
98,CH04,,Chile,04
99,CH04,,Chile,04
100,CH04,,Chile,04
1,RP04,1.2023792464,Ribeirao_Preto,04
2,RP04,1.234924023,Ribeirao_Preto,04
3,RP04,1.2176897012,Ribeirao_Preto,04
4,RP04,1.2391233914,Ribeirao_Preto,04
5,RP04,1.2211109942,Ribeirao_Preto,04
6,RP04,1.2362906305999999,Ribeirao_Preto,04
7,RP04,1.2471248494,Ribeirao_Preto,04
8,RP04,1.2403660328,Ribeirao_Preto,04
9,RP04,1.3153421914,Ribeirao_Preto,04
10,RP04,1.2535487982000002,Ribeirao_Preto,04
11,RP04,1.2253059160000002,Ribeirao_Preto,04
12,RP04,1.234569419,Ribeirao_Preto,04
13,RP04,1.2102209146,Ribeirao_Preto,04
14,RP04,1.233685738,Ribeirao_Preto,04
15,RP04,1.2053947788,Ribeirao_Preto,04
16,RP04,1.2457368748,Ribeirao_Preto,04
17,RP04,1.2481633064,Ribeirao_Preto,04
18,RP04,1.2934176874,Ribeirao_Preto,04
19,RP04,1.2798999414,Ribeirao_Preto,04
20,RP04,1.2089676417999997,Ribeirao_Preto,04
21,RP04,1.2573381494,Ribeirao_Preto,04
22,RP04,1.2481653738,Ribeirao_Preto,04
23,RP04,1.2661231966,Ribeirao_Preto,04
24,RP04,1.244163311,Ribeirao_Preto,04
25,RP04,1.297269999,Ribeirao_Preto,04
26,RP04,1.2713115474,Ribeirao_Preto,04
27,RP04,1.2334624452000003,Ribeirao_Preto,04
28,RP04,1.2420052570000002,Ribeirao_Preto,04
29,RP04,1.2079209486,Ribeirao_Preto,04
30,RP04,1.2336934004,Ribeirao_Preto,04
31,RP04,1.2734201930000002,Ribeirao_Preto,04
32,RP04,1.226379028,Ribeirao_Preto,04
33,RP04,1.2728277428,Ribeirao_Preto,04
34,RP04,1.2513602004,Ribeirao_Preto,04
35,RP04,1.2300677582,Ribeirao_Preto,04
36,RP04,1.2911389112,Ribeirao_Preto,04
37,RP04,1.2356491072,Ribeirao_Preto,04
38,RP04,1.2686994116,Ribeirao_Preto,04
39,RP04,1.3003229716,Ribeirao_Preto,04
40,RP04,1.213286427,Ribeirao_Preto,04
41,RP04,1.3084999104000001,Ribeirao_Preto,04
42,RP04,1.2518610502,Ribeirao_Preto,04
43,RP04,1.2541754912000003,Ribeirao_Preto,04
44,RP04,1.2841425172,Ribeirao_Preto,04
45,RP04,1.2647296856,Ribeirao_Preto,04
46,RP04,1.2805174324,Ribeirao_Preto,04
47,RP04,1.2104996966,Ribeirao_Preto,04
48,RP04,1.2410117008000001,Ribeirao_Preto,04
49,RP04,1.2328047602,Ribeirao_Preto,04
50,RP04,1.2091749345999998,Ribeirao_Preto,04
51,RP04,1.233858074,Ribeirao_Preto,04
52,RP04,1.2577083290000002,Ribeirao_Preto,04
53,RP04,1.2680609969999999,Ribeirao_Preto,04
54,RP04,1.226888917,Ribeirao_Preto,04
55,RP04,1.2459043772,Ribeirao_Preto,04
56,RP04,1.2585680423999999,Ribeirao_Preto,04
57,RP04,1.2653520838,Ribeirao_Preto,04
58,RP04,1.2558102304,Ribeirao_Preto,04
59,RP04,1.2057570290000001,Ribeirao_Preto,04
60,RP04,1.2374360192,Ribeirao_Preto,04
61,RP04,1.2684348622,Ribeirao_Preto,04
62,RP04,1.2647934496000002,Ribeirao_Preto,04
63,RP04,1.2680412636,Ribeirao_Preto,04
64,RP04,1.2775091774,Ribeirao_Preto,04
65,RP04,1.248113045,Ribeirao_Preto,04
66,RP04,1.292773365,Ribeirao_Preto,04
67,RP04,1.224738355,Ribeirao_Preto,04
68,RP04,1.261272847,Ribeirao_Preto,04
69,RP04,1.240628109,Ribeirao_Preto,04
70,RP04,1.2583382942,Ribeirao_Preto,04
71,RP04,1.2421056252,Ribeirao_Preto,04
72,RP04,1.2333876992000001,Ribeirao_Preto,04
73,RP04,1.244381757,Ribeirao_Preto,04
74,RP04,1.2339510820000001,Ribeirao_Preto,04
75,RP04,1.234410226,Ribeirao_Preto,04
76,RP04,1.2766657183999999,Ribeirao_Preto,04
77,RP04,1.2947115042000001,Ribeirao_Preto,04
78,RP04,1.234034153,Ribeirao_Preto,04
79,RP04,1.2336896676,Ribeirao_Preto,04
80,RP04,,Ribeirao_Preto,04
81,RP04,,Ribeirao_Preto,04
82,RP04,,Ribeirao_Preto,04
83,RP04,,Ribeirao_Preto,04
84,RP04,,Ribeirao_Preto,04
85,RP04,,Ribeirao_Preto,04
86,RP04,,Ribeirao_Preto,04
87,RP04,,Ribeirao_Preto,04
88,RP04,,Ribeirao_Preto,04
89,RP04,,Ribeirao_Preto,04
90,RP04,,Ribeirao_Preto,04
91,RP04,,Ribeirao_Preto,04
92,RP04,,Ribeirao_Preto,04
93,RP04,,Ribeirao_Preto,04
94,RP04,,Ribeirao_Preto,04
95,RP04,,Ribeirao_Preto,04
96,RP04,,Ribeirao_Preto,04
97,RP04,,Ribeirao_Preto,04
98,RP04,,Ribeirao_Preto,04
99,RP04,,Ribeirao_Preto,04
100,RP04,,Ribeirao_Preto,04
1,CH05,1.2658460999999999,Chile,05
2,CH05,1.2783462823999998,Chile,05
3,CH05,1.2721259712000001,Chile,05
4,CH05,1.2725497712,Chile,05
5,CH05,1.2227595658,Chile,05
6,CH05,1.2848357052000001,Chile,05
7,CH05,1.2492771031999998,Chile,05
8,CH05,1.2709164668,Chile,05
9,CH05,1.2021858308,Chile,05
10,CH05,1.2717108292,Chile,05
11,CH05,1.2754857138,Chile,05
12,CH05,1.2151738336,Chile,05
13,CH05,1.2535412486000002,Chile,05
14,CH05,1.2696235196,Chile,05
15,CH05,1.2900581503999997,Chile,05
16,CH05,1.2427876758,Chile,05
17,CH05,1.2807216596,Chile,05
18,CH05,1.3262827778,Chile,05
19,CH05,1.2642830838,Chile,05
20,CH05,1.2681928356,Chile,05
21,CH05,1.2847743336,Chile,05
22,CH05,1.3254501502,Chile,05
23,CH05,1.2361992436000002,Chile,05
24,CH05,1.2370833686,Chile,05
25,CH05,1.2532925872,Chile,05
26,CH05,1.2844322047999999,Chile,05
27,CH05,1.2922047354,Chile,05
28,CH05,1.198337135,Chile,05
29,CH05,1.27734463,Chile,05
30,CH05,1.3272327279999998,Chile,05
31,CH05,1.2425008733999998,Chile,05
32,CH05,1.214153967,Chile,05
33,CH05,1.2890456389999998,Chile,05
34,CH05,1.2799138396000003,Chile,05
35,CH05,1.2685765816,Chile,05
36,CH05,1.2073224385999999,Chile,05
37,CH05,1.2603568969999999,Chile,05
38,CH05,1.2623312539999998,Chile,05
39,CH05,1.1870217446,Chile,05
40,CH05,1.3102451784000002,Chile,05
41,CH05,1.2858818112,Chile,05
42,CH05,1.2862747786,Chile,05
43,CH05,1.2273049113999999,Chile,05
44,CH05,1.2535612584,Chile,05
45,CH05,1.248419958,Chile,05
46,CH05,1.2744655593999998,Chile,05
47,CH05,1.2500464806,Chile,05
48,CH05,1.2158161358000001,Chile,05
49,CH05,1.3321217098,Chile,05
50,CH05,1.240586527,Chile,05
51,CH05,1.2698573203999999,Chile,05
52,CH05,1.222454308,Chile,05
53,CH05,1.3100673274,Chile,05
54,CH05,1.2933110392000002,Chile,05
55,CH05,1.2924305661999997,Chile,05
56,CH05,1.2620012424000002,Chile,05
57,CH05,1.2843084491999999,Chile,05
58,CH05,1.2909826992,Chile,05
59,CH05,1.2491666666,Chile,05
60,CH05,1.25832759,Chile,05
61,CH05,1.2490833712,Chile,05
62,CH05,1.270225258,Chile,05
63,CH05,1.2965738546,Chile,05
64,CH05,1.2706678542,Chile,05
65,CH05,1.244493248,Chile,05
66,CH05,1.2899300696,Chile,05
67,CH05,1.3370062602,Chile,05
68,CH05,1.2147101560000002,Chile,05
69,CH05,1.3021312466000001,Chile,05
70,CH05,1.2655663038,Chile,05
71,CH05,1.2538309208,Chile,05
72,CH05,1.2622680592,Chile,05
73,CH05,1.221457764,Chile,05
74,CH05,1.2643850982,Chile,05
75,CH05,1.2287913449999999,Chile,05
76,CH05,1.2529585754,Chile,05
77,CH05,1.3106683566,Chile,05
78,CH05,1.3388863710000003,Chile,05
79,CH05,1.286500027,Chile,05
80,CH05,1.2398527730000002,Chile,05
81,CH05,1.3081908818,Chile,05
82,CH05,1.2850797489999999,Chile,05
83,CH05,1.312053287,Chile,05
84,CH05,1.2554572179999997,Chile,05
85,CH05,1.283119079,Chile,05
86,CH05,1.2753244144000002,Chile,05
87,CH05,1.2506148512,Chile,05
88,CH05,1.2863197784,Chile,05
89,CH05,1.2711641085999998,Chile,05
90,CH05,1.3038198278,Chile,05
91,CH05,1.234991865,Chile,05
92,CH05,1.2429673156,Chile,05
93,CH05,1.3108653721999999,Chile,05
94,CH05,1.3041038156000002,Chile,05
95,CH05,1.2596051114,Chile,05
96,CH05,1.2036060125999999,Chile,05
97,CH05,1.3116151066,Chile,05
98,CH05,1.2466540595999998,Chile,05
99,CH05,,Chile,05
100,CH05,,Chile,05
1,RP05,1.2963802873999999,Ribeirao_Preto,05
2,RP05,1.2728654275999998,Ribeirao_Preto,05
3,RP05,1.2710738004,Ribeirao_Preto,05
4,RP05,1.2336995415999998,Ribeirao_Preto,05
5,RP05,1.2306642576000002,Ribeirao_Preto,05
6,RP05,1.2133002257999999,Ribeirao_Preto,05
7,RP05,1.2395366836000001,Ribeirao_Preto,05
8,RP05,1.2091555299999999,Ribeirao_Preto,05
9,RP05,1.2268616716,Ribeirao_Preto,05
10,RP05,1.2581191170000001,Ribeirao_Preto,05
11,RP05,1.2426085396,Ribeirao_Preto,05
12,RP05,1.2026961051999998,Ribeirao_Preto,05
13,RP05,1.2355200518,Ribeirao_Preto,05
14,RP05,1.2261389776000002,Ribeirao_Preto,05
15,RP05,1.1968524663999998,Ribeirao_Preto,05
16,RP05,1.232610401,Ribeirao_Preto,05
17,RP05,1.2407252856000002,Ribeirao_Preto,05
18,RP05,1.2120070377999999,Ribeirao_Preto,05
19,RP05,1.2720671242,Ribeirao_Preto,05
20,RP05,1.2038394484,Ribeirao_Preto,05
21,RP05,1.2976549552,Ribeirao_Preto,05
22,RP05,1.2187940916,Ribeirao_Preto,05
23,RP05,1.234151082,Ribeirao_Preto,05
24,RP05,1.24835277,Ribeirao_Preto,05
25,RP05,1.2022898606,Ribeirao_Preto,05
26,RP05,1.2600054276000001,Ribeirao_Preto,05
27,RP05,1.253978736,Ribeirao_Preto,05
28,RP05,1.2512130042,Ribeirao_Preto,05
29,RP05,1.226629755,Ribeirao_Preto,05
30,RP05,1.2390692846,Ribeirao_Preto,05
31,RP05,1.2513849128000003,Ribeirao_Preto,05
32,RP05,1.2269447678,Ribeirao_Preto,05
33,RP05,1.2152885442,Ribeirao_Preto,05
34,RP05,1.2619021052,Ribeirao_Preto,05
35,RP05,1.2541937818,Ribeirao_Preto,05
36,RP05,1.2559249688,Ribeirao_Preto,05
37,RP05,1.2518703222,Ribeirao_Preto,05
38,RP05,1.2918968302,Ribeirao_Preto,05
39,RP05,1.2288530143999998,Ribeirao_Preto,05
40,RP05,1.2540987074000003,Ribeirao_Preto,05
41,RP05,1.2693573258000002,Ribeirao_Preto,05
42,RP05,1.2485270898,Ribeirao_Preto,05
43,RP05,1.2243241812,Ribeirao_Preto,05
44,RP05,1.240369201,Ribeirao_Preto,05
45,RP05,1.2398390138,Ribeirao_Preto,05
46,RP05,1.2475513234,Ribeirao_Preto,05
47,RP05,1.1715736274,Ribeirao_Preto,05
48,RP05,1.2238450046000002,Ribeirao_Preto,05
49,RP05,1.2833654476,Ribeirao_Preto,05
50,RP05,1.2925192658,Ribeirao_Preto,05
51,RP05,1.2439786144,Ribeirao_Preto,05
52,RP05,1.2404388990000002,Ribeirao_Preto,05
53,RP05,1.2302494979999998,Ribeirao_Preto,05
54,RP05,1.2504384746000001,Ribeirao_Preto,05
55,RP05,1.2196096728,Ribeirao_Preto,05
56,RP05,1.2235237254,Ribeirao_Preto,05
57,RP05,1.2324890906000001,Ribeirao_Preto,05
58,RP05,1.2453984424,Ribeirao_Preto,05
59,RP05,1.2705072748,Ribeirao_Preto,05
60,RP05,1.233575398,Ribeirao_Preto,05
61,RP05,1.2431097794,Ribeirao_Preto,05
62,RP05,1.1920836231999998,Ribeirao_Preto,05
63,RP05,1.2392409088,Ribeirao_Preto,05
64,RP05,1.2524447373999998,Ribeirao_Preto,05
65,RP05,1.2431925598,Ribeirao_Preto,05
66,RP05,1.2319061052,Ribeirao_Preto,05
67,RP05,1.2277051522,Ribeirao_Preto,05
68,RP05,1.2439189320000001,Ribeirao_Preto,05
69,RP05,1.2426991288000002,Ribeirao_Preto,05
70,RP05,1.2809151983999998,Ribeirao_Preto,05
71,RP05,1.2471061594,Ribeirao_Preto,05
72,RP05,1.2771893722,Ribeirao_Preto,05
73,RP05,1.246892292,Ribeirao_Preto,05
74,RP05,1.2749617387999999,Ribeirao_Preto,05
75,RP05,1.2505326972000002,Ribeirao_Preto,05
76,RP05,1.2537334415999999,Ribeirao_Preto,05
77,RP05,1.2496127366,Ribeirao_Preto,05
78,RP05,1.2084958287999998,Ribeirao_Preto,05
79,RP05,1.2739587602,Ribeirao_Preto,05
80,RP05,1.2657630308,Ribeirao_Preto,05
81,RP05,,Ribeirao_Preto,05
82,RP05,,Ribeirao_Preto,05
83,RP05,,Ribeirao_Preto,05
84,RP05,,Ribeirao_Preto,05
85,RP05,,Ribeirao_Preto,05
86,RP05,,Ribeirao_Preto,05
87,RP05,,Ribeirao_Preto,05
88,RP05,,Ribeirao_Preto,05
89,RP05,,Ribeirao_Preto,05
90,RP05,,Ribeirao_Preto,05
91,RP05,,Ribeirao_Preto,05
92,RP05,,Ribeirao_Preto,05
93,RP05,,Ribeirao_Preto,05
94,RP05,,Ribeirao_Preto,05
95,RP05,,Ribeirao_Preto,05
96,RP05,,Ribeirao_Preto,05
97,RP05,,Ribeirao_Preto,05
98,RP05,,Ribeirao_Preto,05
99,RP05,,Ribeirao_Preto,05
100,RP05,,Ribeirao_Preto,05
1,CH07,1.242547491,Chile,07
2,CH07,1.2687354396,Chile,07
3,CH07,1.2664901266,Chile,07
4,CH07,1.3053298116,Chile,07
5,CH07,1.3099759594,Chile,07
6,CH07,1.2381978569999998,Chile,07
7,CH07,1.2736687382,Chile,07
8,CH07,1.2638056332,Chile,07
9,CH07,1.3129889948,Chile,07
10,CH07,1.2665776966,Chile,07
11,CH07,1.2732980066,Chile,07
12,CH07,1.2700192178,Chile,07
13,CH07,1.2107973855999998,Chile,07
14,CH07,1.277960285,Chile,07
15,CH07,1.263982629,Chile,07
16,CH07,1.2330220671999998,Chile,07
17,CH07,1.226006565,Chile,07
18,CH07,1.2470208191999999,Chile,07
19,CH07,1.3287336698,Chile,07
20,CH07,1.2378142231999998,Chile,07
21,CH07,1.292436537,Chile,07
22,CH07,1.2592344548,Chile,07
23,CH07,1.2325903058,Chile,07
24,CH07,1.2471387966,Chile,07
25,CH07,1.2822416848,Chile,07
26,CH07,1.2644535989999999,Chile,07
27,CH07,1.3100373796,Chile,07
28,CH07,1.329431028,Chile,07
29,CH07,1.2758831376,Chile,07
30,CH07,1.297738099,Chile,07
31,CH07,1.295809838,Chile,07
32,CH07,1.3016267178,Chile,07
33,CH07,1.2498985616,Chile,07
34,CH07,1.2640240336,Chile,07
35,CH07,1.3169936398,Chile,07
36,CH07,1.2960598988,Chile,07
37,CH07,1.2825970420000001,Chile,07
38,CH07,1.2337427976,Chile,07
39,CH07,1.2464447546000001,Chile,07
40,CH07,1.2849769578,Chile,07
41,CH07,1.2763664806,Chile,07
42,CH07,1.2517338572,Chile,07
43,CH07,1.2744463644,Chile,07
44,CH07,1.297109747,Chile,07
45,CH07,1.3045230802,Chile,07
46,CH07,1.2884160522,Chile,07
47,CH07,1.2635997742,Chile,07
48,CH07,1.2176517664,Chile,07
49,CH07,1.2642126268,Chile,07
50,CH07,1.2503207500000002,Chile,07
51,CH07,1.2775292898,Chile,07
52,CH07,1.2762742478,Chile,07
53,CH07,1.2653596576,Chile,07
54,CH07,1.2584789066000002,Chile,07
55,CH07,1.3181740046,Chile,07
56,CH07,1.3035519954,Chile,07
57,CH07,1.2453618422,Chile,07
58,CH07,1.3395109438,Chile,07
59,CH07,1.3228706373999999,Chile,07
60,CH07,1.3218888469999999,Chile,07
61,CH07,1.2966783031999998,Chile,07
62,CH07,1.2904595408000001,Chile,07
63,CH07,1.2468031634,Chile,07
64,CH07,1.1929606050000001,Chile,07
65,CH07,1.2552996864000001,Chile,07
66,CH07,1.2618224919999999,Chile,07
67,CH07,1.2576737558000002,Chile,07
68,CH07,1.2922416714,Chile,07
69,CH07,1.20172564,Chile,07
70,CH07,1.24792798,Chile,07
71,CH07,1.2675101038,Chile,07
72,CH07,1.2893111002,Chile,07
73,CH07,1.3348917792000001,Chile,07
74,CH07,1.3173672556,Chile,07
75,CH07,1.2632345514,Chile,07
76,CH07,1.2785741412,Chile,07
77,CH07,1.3045044472,Chile,07
78,CH07,1.2881047186,Chile,07
79,CH07,1.3189068808000002,Chile,07
80,CH07,,Chile,07
81,CH07,,Chile,07
82,CH07,,Chile,07
83,CH07,,Chile,07
84,CH07,,Chile,07
85,CH07,,Chile,07
86,CH07,,Chile,07
87,CH07,,Chile,07
88,CH07,,Chile,07
89,CH07,,Chile,07
90,CH07,,Chile,07
91,CH07,,Chile,07
92,CH07,,Chile,07
93,CH07,,Chile,07
94,CH07,,Chile,07
95,CH07,,Chile,07
96,CH07,,Chile,07
97,CH07,,Chile,07
98,CH07,,Chile,07
99,CH07,,Chile,07
100,CH07,,Chile,07
1,RP07,1.258706327,Ribeirao_Preto,07
2,RP07,1.23399202,Ribeirao_Preto,07
3,RP07,1.2441775869999998,Ribeirao_Preto,07
4,RP07,1.2284030366,Ribeirao_Preto,07
5,RP07,1.2414773352000001,Ribeirao_Preto,07
6,RP07,1.2875149034,Ribeirao_Preto,07
7,RP07,1.2735493274,Ribeirao_Preto,07
8,RP07,1.1657900218,Ribeirao_Preto,07
9,RP07,1.259305885,Ribeirao_Preto,07
10,RP07,1.1861578004,Ribeirao_Preto,07
11,RP07,1.2677467072,Ribeirao_Preto,07
12,RP07,1.2844365602,Ribeirao_Preto,07
13,RP07,1.2516674872,Ribeirao_Preto,07
14,RP07,1.2373415454,Ribeirao_Preto,07
15,RP07,1.2366220558,Ribeirao_Preto,07
16,RP07,1.1971108966,Ribeirao_Preto,07
17,RP07,1.202384731,Ribeirao_Preto,07
18,RP07,1.2506236376,Ribeirao_Preto,07
19,RP07,1.2333637822,Ribeirao_Preto,07
20,RP07,1.20451999,Ribeirao_Preto,07
21,RP07,1.248047242,Ribeirao_Preto,07
22,RP07,1.2395369183999998,Ribeirao_Preto,07
23,RP07,1.2525414747999999,Ribeirao_Preto,07
24,RP07,1.2397911352,Ribeirao_Preto,07
25,RP07,1.2212150134,Ribeirao_Preto,07
26,RP07,1.2759396368,Ribeirao_Preto,07
27,RP07,1.3005448141999998,Ribeirao_Preto,07
28,RP07,1.2411598148,Ribeirao_Preto,07
29,RP07,1.2561542284,Ribeirao_Preto,07
30,RP07,1.2395712073999998,Ribeirao_Preto,07
31,RP07,1.2669868632,Ribeirao_Preto,07
32,RP07,1.2647385443999999,Ribeirao_Preto,07
33,RP07,1.2726793152,Ribeirao_Preto,07
34,RP07,1.2478369976000003,Ribeirao_Preto,07
35,RP07,1.2444042952,Ribeirao_Preto,07
36,RP07,1.2450847574,Ribeirao_Preto,07
37,RP07,1.2582586096,Ribeirao_Preto,07
38,RP07,1.2231032242,Ribeirao_Preto,07
39,RP07,1.24034124,Ribeirao_Preto,07
40,RP07,1.2688997044,Ribeirao_Preto,07
41,RP07,1.2277797034,Ribeirao_Preto,07
42,RP07,1.260507867,Ribeirao_Preto,07
43,RP07,1.2229831782,Ribeirao_Preto,07
44,RP07,1.2620288024000001,Ribeirao_Preto,07
45,RP07,1.2255514516,Ribeirao_Preto,07
46,RP07,1.1522248903999999,Ribeirao_Preto,07
47,RP07,1.2881616534,Ribeirao_Preto,07
48,RP07,1.2513779554,Ribeirao_Preto,07
49,RP07,1.2479804004,Ribeirao_Preto,07
50,RP07,1.1744276705999999,Ribeirao_Preto,07
51,RP07,1.1961790066,Ribeirao_Preto,07
52,RP07,1.2339628018,Ribeirao_Preto,07
53,RP07,1.1751737024,Ribeirao_Preto,07
54,RP07,1.2582407517999998,Ribeirao_Preto,07
55,RP07,1.1990885798,Ribeirao_Preto,07
56,RP07,1.2461929552,Ribeirao_Preto,07
57,RP07,1.2743986608,Ribeirao_Preto,07
58,RP07,1.2402470796,Ribeirao_Preto,07
59,RP07,1.230673418,Ribeirao_Preto,07
60,RP07,1.2720597194,Ribeirao_Preto,07
61,RP07,1.251927914,Ribeirao_Preto,07
62,RP07,1.2162476196,Ribeirao_Preto,07
63,RP07,1.2680893974,Ribeirao_Preto,07
64,RP07,1.2083090408000001,Ribeirao_Preto,07
65,RP07,1.1806025742,Ribeirao_Preto,07
66,RP07,1.1966307262,Ribeirao_Preto,07
67,RP07,1.2116878629999999,Ribeirao_Preto,07
68,RP07,1.2538307886,Ribeirao_Preto,07
69,RP07,1.2880516852,Ribeirao_Preto,07
70,RP07,1.2087141964,Ribeirao_Preto,07
71,RP07,1.2638083378,Ribeirao_Preto,07
72,RP07,1.2233899602,Ribeirao_Preto,07
73,RP07,1.2678126388000002,Ribeirao_Preto,07
74,RP07,1.307241207,Ribeirao_Preto,07
75,RP07,1.1790432722,Ribeirao_Preto,07
76,RP07,1.2744533998,Ribeirao_Preto,07
77,RP07,1.2453808418,Ribeirao_Preto,07
78,RP07,1.1621623321999999,Ribeirao_Preto,07
79,RP07,1.2817411764,Ribeirao_Preto,07
80,RP07,1.2583545066,Ribeirao_Preto,07
81,RP07,,Ribeirao_Preto,07
82,RP07,,Ribeirao_Preto,07
83,RP07,,Ribeirao_Preto,07
84,RP07,,Ribeirao_Preto,07
85,RP07,,Ribeirao_Preto,07
86,RP07,,Ribeirao_Preto,07
87,RP07,,Ribeirao_Preto,07
88,RP07,,Ribeirao_Preto,07
89,RP07,,Ribeirao_Preto,07
90,RP07,,Ribeirao_Preto,07
91,RP07,,Ribeirao_Preto,07
92,RP07,,Ribeirao_Preto,07
93,RP07,,Ribeirao_Preto,07
94,RP07,,Ribeirao_Preto,07
95,RP07,,Ribeirao_Preto,07
96,RP07,,Ribeirao_Preto,07
97,RP07,,Ribeirao_Preto,07
98,RP07,,Ribeirao_Preto,07
99,RP07,,Ribeirao_Preto,07
100,RP07,,Ribeirao_Preto,07
1,CH09,1.2149134796,Chile,09
2,CH09,1.2590448905999998,Chile,09
3,CH09,1.2747110704,Chile,09
4,CH09,1.2246889904000002,Chile,09
5,CH09,1.2218397554,Chile,09
6,CH09,1.202719429,Chile,09
7,CH09,1.2238860718,Chile,09
8,CH09,1.1922206039999999,Chile,09
9,CH09,1.2441946266000001,Chile,09
10,CH09,1.3344123140000002,Chile,09
11,CH09,1.2882104776,Chile,09
12,CH09,1.2323662964,Chile,09
13,CH09,1.2604070634,Chile,09
14,CH09,1.2423674115999999,Chile,09
15,CH09,1.160467438,Chile,09
16,CH09,1.2235690914,Chile,09
17,CH09,1.2327418356,Chile,09
18,CH09,1.2155421278,Chile,09
19,CH09,1.225016124,Chile,09
20,CH09,1.221850127,Chile,09
21,CH09,1.22023771,Chile,09
22,CH09,1.145166819,Chile,09
23,CH09,1.2286239058,Chile,09
24,CH09,1.2568950080000003,Chile,09
25,CH09,1.2540668942,Chile,09
26,CH09,1.2797390826,Chile,09
27,CH09,1.2753209522,Chile,09
28,CH09,1.2811271964,Chile,09
29,CH09,1.2212259344,Chile,09
30,CH09,1.2588971768000001,Chile,09
31,CH09,1.2382054467999999,Chile,09
32,CH09,1.229208584,Chile,09
33,CH09,1.2285796530000002,Chile,09
34,CH09,1.266701649,Chile,09
35,CH09,1.2365205397999999,Chile,09
36,CH09,1.1412938304,Chile,09
37,CH09,1.261196443,Chile,09
38,CH09,1.26464851,Chile,09
39,CH09,1.2710112282000001,Chile,09
40,CH09,1.2767086834,Chile,09
41,CH09,1.2079704106,Chile,09
42,CH09,1.2112788073999998,Chile,09
43,CH09,1.2705563914,Chile,09
44,CH09,1.2386046454,Chile,09
45,CH09,1.2182991153999998,Chile,09
46,CH09,1.2167108286,Chile,09
47,CH09,1.298921196,Chile,09
48,CH09,1.2219481732,Chile,09
49,CH09,1.1927462342,Chile,09
50,CH09,1.2496081842,Chile,09
51,CH09,1.2931553852,Chile,09
52,CH09,1.2399982636,Chile,09
53,CH09,1.2453513920000001,Chile,09
54,CH09,1.2649143498,Chile,09
55,CH09,1.248375723,Chile,09
56,CH09,1.2516391556,Chile,09
57,CH09,1.2621057316,Chile,09
58,CH09,1.267829682,Chile,09
59,CH09,1.2217663306,Chile,09
60,CH09,1.2291641472,Chile,09
61,CH09,1.2733862230000002,Chile,09
62,CH09,1.2006479449999998,Chile,09
63,CH09,1.2287193492,Chile,09
64,CH09,1.253318411,Chile,09
65,CH09,1.2454886487999999,Chile,09
66,CH09,1.2608587707999999,Chile,09
67,CH09,1.24983906,Chile,09
68,CH09,1.253252942,Chile,09
69,CH09,1.2967535631999998,Chile,09
70,CH09,1.2423878159999997,Chile,09
71,CH09,1.2568239499999998,Chile,09
72,CH09,1.2291016592,Chile,09
73,CH09,1.1759858774,Chile,09
74,CH09,1.2681312681999999,Chile,09
75,CH09,1.2228237392,Chile,09
76,CH09,1.2635742524,Chile,09
77,CH09,1.2350744751999998,Chile,09
78,CH09,1.2844118278,Chile,09
79,CH09,1.2548865886,Chile,09
80,CH09,1.172010587,Chile,09
81,CH09,1.2079274944,Chile,09
82,CH09,1.2521522452,Chile,09
83,CH09,1.2751205828,Chile,09
84,CH09,1.2729953866,Chile,09
85,CH09,1.266760624,Chile,09
86,CH09,1.2505749276000002,Chile,09
87,CH09,1.2344326213999999,Chile,09
88,CH09,1.2707029938,Chile,09
89,CH09,1.2616386024000001,Chile,09
90,CH09,1.2491825414,Chile,09
91,CH09,1.2151743304,Chile,09
92,CH09,1.1934352078,Chile,09
93,CH09,1.236501997,Chile,09
94,CH09,1.2187617774000001,Chile,09
95,CH09,1.2670529664,Chile,09
96,CH09,1.2796673875999998,Chile,09
97,CH09,1.2569632444,Chile,09
98,CH09,1.2536242936000002,Chile,09
99,CH09,1.2206459422,Chile,09
100,CH09,,Chile,09
1,RP09,1.2098075078,Ribeirao_Preto,09
2,RP09,1.2102888414,Ribeirao_Preto,09
3,RP09,1.2264328952,Ribeirao_Preto,09
4,RP09,1.2219926954,Ribeirao_Preto,09
5,RP09,1.1629564806000001,Ribeirao_Preto,09
6,RP09,1.2132919126,Ribeirao_Preto,09
7,RP09,1.264623056,Ribeirao_Preto,09
8,RP09,1.2218935953999999,Ribeirao_Preto,09
9,RP09,1.2326805474,Ribeirao_Preto,09
10,RP09,1.167296881,Ribeirao_Preto,09
11,RP09,1.2472477577999999,Ribeirao_Preto,09
12,RP09,1.2096379808,Ribeirao_Preto,09
13,RP09,1.1941691856,Ribeirao_Preto,09
14,RP09,1.235028216,Ribeirao_Preto,09
15,RP09,1.2035443226000002,Ribeirao_Preto,09
16,RP09,1.2104496878,Ribeirao_Preto,09
17,RP09,1.2197112456,Ribeirao_Preto,09
18,RP09,1.2769819644,Ribeirao_Preto,09
19,RP09,1.2282919518,Ribeirao_Preto,09
20,RP09,1.2734763325999998,Ribeirao_Preto,09
21,RP09,1.2347898398,Ribeirao_Preto,09
22,RP09,1.2499623173999999,Ribeirao_Preto,09
23,RP09,1.1973569111999998,Ribeirao_Preto,09
24,RP09,1.253567125,Ribeirao_Preto,09
25,RP09,1.1740667254,Ribeirao_Preto,09
26,RP09,1.2387439488,Ribeirao_Preto,09
27,RP09,1.2443185594,Ribeirao_Preto,09
28,RP09,1.2400666674,Ribeirao_Preto,09
29,RP09,1.2795628337999998,Ribeirao_Preto,09
30,RP09,1.2133100698,Ribeirao_Preto,09
31,RP09,1.1934461722000003,Ribeirao_Preto,09
32,RP09,1.2524222379999999,Ribeirao_Preto,09
33,RP09,1.217125156,Ribeirao_Preto,09
34,RP09,1.175994868,Ribeirao_Preto,09
35,RP09,1.2292070663999999,Ribeirao_Preto,09
36,RP09,1.2219007307999998,Ribeirao_Preto,09
37,RP09,1.2765242166,Ribeirao_Preto,09
38,RP09,1.2528061961999999,Ribeirao_Preto,09
39,RP09,1.2001374143999999,Ribeirao_Preto,09
40,RP09,1.2198630532,Ribeirao_Preto,09
41,RP09,1.2310270036000002,Ribeirao_Preto,09
42,RP09,1.1974157094,Ribeirao_Preto,09
43,RP09,1.2438373818,Ribeirao_Preto,09
44,RP09,1.2349830028,Ribeirao_Preto,09
45,RP09,1.2104877692,Ribeirao_Preto,09
46,RP09,1.2156110578,Ribeirao_Preto,09
47,RP09,1.213961625,Ribeirao_Preto,09
48,RP09,1.1816809326,Ribeirao_Preto,09
49,RP09,1.2403822752,Ribeirao_Preto,09
50,RP09,1.2174970862000003,Ribeirao_Preto,09
51,RP09,1.1969677027999999,Ribeirao_Preto,09
52,RP09,1.2682631044,Ribeirao_Preto,09
53,RP09,1.2393363265999997,Ribeirao_Preto,09
54,RP09,1.2127083993999999,Ribeirao_Preto,09
55,RP09,1.1947933582,Ribeirao_Preto,09
56,RP09,1.2024482638,Ribeirao_Preto,09
57,RP09,1.1938750232,Ribeirao_Preto,09
58,RP09,1.2409108348,Ribeirao_Preto,09
59,RP09,1.198153527,Ribeirao_Preto,09
60,RP09,1.1965625108,Ribeirao_Preto,09
61,RP09,1.226411197,Ribeirao_Preto,09
62,RP09,1.2268185082,Ribeirao_Preto,09
63,RP09,1.2108240944,Ribeirao_Preto,09
64,RP09,1.1935611289999999,Ribeirao_Preto,09
65,RP09,1.2659885586,Ribeirao_Preto,09
66,RP09,1.1839351032,Ribeirao_Preto,09
67,RP09,1.2261597582000001,Ribeirao_Preto,09
68,RP09,1.2177575152,Ribeirao_Preto,09
69,RP09,1.251367011,Ribeirao_Preto,09
70,RP09,1.2208708542,Ribeirao_Preto,09
71,RP09,1.197418154,Ribeirao_Preto,09
72,RP09,1.236023287,Ribeirao_Preto,09
73,RP09,1.2145458310000001,Ribeirao_Preto,09
74,RP09,1.2332324211999999,Ribeirao_Preto,09
75,RP09,1.2079829296,Ribeirao_Preto,09
76,RP09,1.2370537348,Ribeirao_Preto,09
77,RP09,1.2045436634,Ribeirao_Preto,09
78,RP09,1.2225872843999999,Ribeirao_Preto,09
79,RP09,1.228923118,Ribeirao_Preto,09
80,RP09,1.2481001800000002,Ribeirao_Preto,09
81,RP09,,Ribeirao_Preto,09
82,RP09,,Ribeirao_Preto,09
83,RP09,,Ribeirao_Preto,09
84,RP09,,Ribeirao_Preto,09
85,RP09,,Ribeirao_Preto,09
86,RP09,,Ribeirao_Preto,09
87,RP09,,Ribeirao_Preto,09
88,RP09,,Ribeirao_Preto,09
89,RP09,,Ribeirao_Preto,09
90,RP09,,Ribeirao_Preto,09
91,RP09,,Ribeirao_Preto,09
92,RP09,,Ribeirao_Preto,09
93,RP09,,Ribeirao_Preto,09
94,RP09,,Ribeirao_Preto,09
95,RP09,,Ribeirao_Preto,09
96,RP09,,Ribeirao_Preto,09
97,RP09,,Ribeirao_Preto,09
98,RP09,,Ribeirao_Preto,09
99,RP09,,Ribeirao_Preto,09
100,RP09,,Ribeirao_Preto,09
1,CH02,1.299825395,Chile,02
2,CH02,1.2822055078,Chile,02
3,CH02,1.293874906,Chile,02
4,CH02,1.2551238822,Chile,02
5,CH02,1.259958763,Chile,02
6,CH02,1.3048488749999998,Chile,02
7,CH02,1.30898977,Chile,02
8,CH02,1.295074606,Chile,02
9,CH02,1.2843958464,Chile,02
10,CH02,1.2509363684,Chile,02
11,CH02,1.2869129824,Chile,02
12,CH02,1.3125517498000001,Chile,02
13,CH02,1.2919562674,Chile,02
14,CH02,1.2694210366,Chile,02
15,CH02,1.3062836274,Chile,02
16,CH02,1.2991797904,Chile,02
17,CH02,1.287441826,Chile,02
18,CH02,1.2543783139999998,Chile,02
19,CH02,1.2986749415999999,Chile,02
20,CH02,1.3236343869999998,Chile,02
21,CH02,1.2567404526000001,Chile,02
22,CH02,1.2936295406,Chile,02
23,CH02,1.2698925474,Chile,02
24,CH02,1.271178709,Chile,02
25,CH02,1.2577535873999999,Chile,02
26,CH02,1.2656662129999998,Chile,02
27,CH02,1.3133618806,Chile,02
28,CH02,1.2271950452,Chile,02
29,CH02,1.2761684956,Chile,02
30,CH02,1.2415869294,Chile,02
31,CH02,1.2906655354,Chile,02
32,CH02,1.2754600634000002,Chile,02
33,CH02,1.3092784539999998,Chile,02
34,CH02,1.3221666654000002,Chile,02
35,CH02,1.2351871922,Chile,02
36,CH02,1.287907444,Chile,02
37,CH02,1.2893497541999999,Chile,02
38,CH02,1.3105918972000001,Chile,02
39,CH02,1.269207452,Chile,02
40,CH02,1.3118833008,Chile,02
41,CH02,1.3482778222,Chile,02
42,CH02,1.2958366274,Chile,02
43,CH02,1.2909821186000001,Chile,02
44,CH02,1.2475508316,Chile,02
45,CH02,1.297792643,Chile,02
46,CH02,1.3151478286,Chile,02
47,CH02,1.3076843774000002,Chile,02
48,CH02,1.3280862265999998,Chile,02
49,CH02,1.2379494318,Chile,02
50,CH02,1.314214165,Chile,02
51,CH02,1.2859284199999998,Chile,02
52,CH02,1.3059020852,Chile,02
53,CH02,1.2737008828,Chile,02
54,CH02,1.3077479436000001,Chile,02
55,CH02,1.3062490032,Chile,02
56,CH02,1.3009285984,Chile,02
57,CH02,1.2348926898,Chile,02
58,CH02,1.3377730234,Chile,02
59,CH02,1.3153395086,Chile,02
60,CH02,1.316822648,Chile,02
61,CH02,1.3109407758000002,Chile,02
62,CH02,1.2716945668000001,Chile,02
63,CH02,1.2716021622,Chile,02
64,CH02,1.301334718,Chile,02
65,CH02,1.2493052642,Chile,02
66,CH02,1.3415434024000001,Chile,02
67,CH02,1.3019422630000002,Chile,02
68,CH02,1.3134169248,Chile,02
69,CH02,1.2929817842,Chile,02
70,CH02,1.27612427,Chile,02
71,CH02,1.2612495287999999,Chile,02
72,CH02,1.291856019,Chile,02
73,CH02,1.3275959742,Chile,02
74,CH02,1.3017045006,Chile,02
75,CH02,1.3145919306,Chile,02
76,CH02,1.2976412564,Chile,02
77,CH02,1.3404525760000001,Chile,02
78,CH02,1.3525202718,Chile,02
79,CH02,1.3036135575999999,Chile,02
80,CH02,1.2697135826000001,Chile,02
81,CH02,1.2420709828,Chile,02
82,CH02,1.3181267118,Chile,02
83,CH02,1.2842639014000001,Chile,02
84,CH02,1.2668547253999998,Chile,02
85,CH02,1.2854740006,Chile,02
86,CH02,1.288915026,Chile,02
87,CH02,1.2796257808,Chile,02
88,CH02,1.2621526051999998,Chile,02
89,CH02,1.35849648,Chile,02
90,CH02,1.2921774404000002,Chile,02
91,CH02,1.1737068207999999,Chile,02
92,CH02,1.2998627026,Chile,02
93,CH02,1.2948927604,Chile,02
94,CH02,1.3429535494000002,Chile,02
95,CH02,1.3352314814,Chile,02
96,CH02,1.2958971034000002,Chile,02
97,CH02,1.2700442203999998,Chile,02
98,CH02,1.2971272863999999,Chile,02
99,CH02,1.2431236849999998,Chile,02
100,CH02,,Chile,02
1,RP02,1.3034382305999999,Ribeirao_Preto,02
2,RP02,1.2366619638,Ribeirao_Preto,02
3,RP02,1.269955581,Ribeirao_Preto,02
4,RP02,1.2282899824,Ribeirao_Preto,02
5,RP02,1.282324084,Ribeirao_Preto,02
6,RP02,1.2585568876,Ribeirao_Preto,02
7,RP02,1.2553742689999998,Ribeirao_Preto,02
8,RP02,1.2685653654,Ribeirao_Preto,02
9,RP02,1.2770410544000002,Ribeirao_Preto,02
10,RP02,1.2901705078,Ribeirao_Preto,02
11,RP02,1.284550802,Ribeirao_Preto,02
12,RP02,1.2598519434,Ribeirao_Preto,02
13,RP02,1.2530223754,Ribeirao_Preto,02
14,RP02,1.2751036228000001,Ribeirao_Preto,02
15,RP02,1.2537568559999999,Ribeirao_Preto,02
16,RP02,1.2571947689999998,Ribeirao_Preto,02
17,RP02,1.2677020972,Ribeirao_Preto,02
18,RP02,1.2916158618,Ribeirao_Preto,02
19,RP02,1.2888404392,Ribeirao_Preto,02
20,RP02,1.2623828504,Ribeirao_Preto,02
21,RP02,1.2132579912,Ribeirao_Preto,02
22,RP02,1.2862380178,Ribeirao_Preto,02
23,RP02,1.2324057555999999,Ribeirao_Preto,02
24,RP02,1.1472383036,Ribeirao_Preto,02
25,RP02,1.2508699367999998,Ribeirao_Preto,02
26,RP02,1.278383755,Ribeirao_Preto,02
27,RP02,1.2617649466,Ribeirao_Preto,02
28,RP02,1.2619315387999999,Ribeirao_Preto,02
29,RP02,1.2813659084,Ribeirao_Preto,02
30,RP02,1.3590004355999998,Ribeirao_Preto,02
31,RP02,1.2444111848000001,Ribeirao_Preto,02
32,RP02,1.2842788446,Ribeirao_Preto,02
33,RP02,1.2705558438,Ribeirao_Preto,02
34,RP02,1.2684172598,Ribeirao_Preto,02
35,RP02,1.266017936,Ribeirao_Preto,02
36,RP02,1.2893943708,Ribeirao_Preto,02
37,RP02,1.2682854712,Ribeirao_Preto,02
38,RP02,1.2392284264,Ribeirao_Preto,02
39,RP02,1.2229078212,Ribeirao_Preto,02
40,RP02,1.3152247604,Ribeirao_Preto,02
41,RP02,1.2424895382,Ribeirao_Preto,02
42,RP02,1.2269380784000001,Ribeirao_Preto,02
43,RP02,1.2163689964,Ribeirao_Preto,02
44,RP02,1.3050472891999998,Ribeirao_Preto,02
45,RP02,1.2687295592,Ribeirao_Preto,02
46,RP02,1.2821100412,Ribeirao_Preto,02
47,RP02,1.2671392278,Ribeirao_Preto,02
48,RP02,1.2575831806000002,Ribeirao_Preto,02
49,RP02,1.2853189902,Ribeirao_Preto,02
50,RP02,1.2697718305999999,Ribeirao_Preto,02
51,RP02,1.2800884258,Ribeirao_Preto,02
52,RP02,1.2467003220000001,Ribeirao_Preto,02
53,RP02,1.2903796490000001,Ribeirao_Preto,02
54,RP02,1.268895793,Ribeirao_Preto,02
55,RP02,1.2655910286,Ribeirao_Preto,02
56,RP02,1.2841156608,Ribeirao_Preto,02
57,RP02,1.252723174,Ribeirao_Preto,02
58,RP02,1.2548567162,Ribeirao_Preto,02
59,RP02,1.2472286106000001,Ribeirao_Preto,02
60,RP02,1.2788075062000002,Ribeirao_Preto,02
61,RP02,1.2737400696,Ribeirao_Preto,02
62,RP02,1.2676078858,Ribeirao_Preto,02
63,RP02,1.2636350288,Ribeirao_Preto,02
64,RP02,1.2855264808000002,Ribeirao_Preto,02
65,RP02,1.2686775872,Ribeirao_Preto,02
66,RP02,1.247982572,Ribeirao_Preto,02
67,RP02,1.253118442,Ribeirao_Preto,02
68,RP02,1.2876703829999998,Ribeirao_Preto,02
69,RP02,1.329120706,Ribeirao_Preto,02
70,RP02,1.3118925384,Ribeirao_Preto,02
71,RP02,1.2301907864000001,Ribeirao_Preto,02
72,RP02,1.2224068902,Ribeirao_Preto,02
73,RP02,1.1210417071999998,Ribeirao_Preto,02
74,RP02,1.2434703587999998,Ribeirao_Preto,02
75,RP02,1.2811123182,Ribeirao_Preto,02
76,RP02,1.259605823,Ribeirao_Preto,02
77,RP02,1.2520505684,Ribeirao_Preto,02
78,RP02,1.2639219242,Ribeirao_Preto,02
79,RP02,1.273453898,Ribeirao_Preto,02
80,RP02,,Ribeirao_Preto,02
81,RP02,,Ribeirao_Preto,02
82,RP02,,Ribeirao_Preto,02
83,RP02,,Ribeirao_Preto,02
84,RP02,,Ribeirao_Preto,02
85,RP02,,Ribeirao_Preto,02
86,RP02,,Ribeirao_Preto,02
87,RP02,,Ribeirao_Preto,02
88,RP02,,Ribeirao_Preto,02
89,RP02,,Ribeirao_Preto,02
90,RP02,,Ribeirao_Preto,02
91,RP02,,Ribeirao_Preto,02
92,RP02,,Ribeirao_Preto,02
93,RP02,,Ribeirao_Preto,02
94,RP02,,Ribeirao_Preto,02
95,RP02,,Ribeirao_Preto,02
96,RP02,,Ribeirao_Preto,02
97,RP02,,Ribeirao_Preto,02
98,RP02,,Ribeirao_Preto,02
99,RP02,,Ribeirao_Preto,02
100,RP02,,Ribeirao_Preto,02
1,CH03,1.2912608344,Chile,03
2,CH03,1.2384914790000001,Chile,03
3,CH03,1.2713502634,Chile,03
4,CH03,1.2757338392,Chile,03
5,CH03,1.296088284,Chile,03
6,CH03,1.2496533822,Chile,03
7,CH03,1.2533539714,Chile,03
8,CH03,1.2073148984,Chile,03
9,CH03,1.2637088870000002,Chile,03
10,CH03,1.2809083266,Chile,03
11,CH03,1.2451702116,Chile,03
12,CH03,1.256468948,Chile,03
13,CH03,1.2703591484,Chile,03
14,CH03,1.2399784178,Chile,03
15,CH03,1.2547040374,Chile,03
16,CH03,1.2539610226,Chile,03
17,CH03,1.2533585600000001,Chile,03
18,CH03,1.2351709244000002,Chile,03
19,CH03,1.2390551196000001,Chile,03
20,CH03,1.2554218696,Chile,03
21,CH03,1.2393528032,Chile,03
22,CH03,1.2975946388,Chile,03
23,CH03,1.2922351773999998,Chile,03
24,CH03,1.2857773142000002,Chile,03
25,CH03,1.2597191334000002,Chile,03
26,CH03,1.2380693124,Chile,03
27,CH03,1.2800433404,Chile,03
28,CH03,1.2784710722000001,Chile,03
29,CH03,1.234032047,Chile,03
30,CH03,1.2373823735999998,Chile,03
31,CH03,1.2541667522,Chile,03
32,CH03,1.2558542114,Chile,03
33,CH03,1.2851837352,Chile,03
34,CH03,1.2569224004,Chile,03
35,CH03,1.2571774322000002,Chile,03
36,CH03,1.2379046894,Chile,03
37,CH03,1.2741160404,Chile,03
38,CH03,1.2374040292000001,Chile,03
39,CH03,1.306535915,Chile,03
40,CH03,1.2217159818,Chile,03
41,CH03,1.249961255,Chile,03
42,CH03,1.2339116122,Chile,03
43,CH03,1.2272351175999998,Chile,03
44,CH03,1.2111508737999999,Chile,03
45,CH03,1.2598839936000001,Chile,03
46,CH03,1.2945730632,Chile,03
47,CH03,1.26707373,Chile,03
48,CH03,1.2023425766,Chile,03
49,CH03,1.2483274007999998,Chile,03
50,CH03,1.2717225000000003,Chile,03
51,CH03,1.281436714,Chile,03
52,CH03,1.2753519332,Chile,03
53,CH03,1.2610036442,Chile,03
54,CH03,1.2860410398,Chile,03
55,CH03,1.2979869086,Chile,03
56,CH03,1.2617035988,Chile,03
57,CH03,1.278376271,Chile,03
58,CH03,1.2580063964000001,Chile,03
59,CH03,1.2691876469999999,Chile,03
60,CH03,1.2602253268,Chile,03
61,CH03,1.249469258,Chile,03
62,CH03,1.2421306911999999,Chile,03
63,CH03,1.2639546767999998,Chile,03
64,CH03,1.2112296676,Chile,03
65,CH03,1.2390266429999999,Chile,03
66,CH03,1.2796807284000002,Chile,03
67,CH03,1.253486359,Chile,03
68,CH03,1.2619282814,Chile,03
69,CH03,1.2760463608000001,Chile,03
70,CH03,1.2284844158000001,Chile,03
71,CH03,1.2468894318000001,Chile,03
72,CH03,1.2479226508,Chile,03
73,CH03,1.2878986512000001,Chile,03
74,CH03,1.2940296025999998,Chile,03
75,CH03,1.2828011305999998,Chile,03
76,CH03,1.2175297885999998,Chile,03
77,CH03,1.2643699981999998,Chile,03
78,CH03,1.2443837678,Chile,03
79,CH03,1.2048853072,Chile,03
80,CH03,1.2671473703999998,Chile,03
81,CH03,1.2439287010000002,Chile,03
82,CH03,1.2944332978,Chile,03
83,CH03,1.2660791858,Chile,03
84,CH03,1.2615404224,Chile,03
85,CH03,1.2474662082,Chile,03
86,CH03,1.2901811619999999,Chile,03
87,CH03,1.275683164,Chile,03
88,CH03,1.2499277844,Chile,03
89,CH03,1.2204794094,Chile,03
90,CH03,1.2400964779999997,Chile,03
91,CH03,1.2806880306,Chile,03
92,CH03,1.2728207191999998,Chile,03
93,CH03,1.2684701418,Chile,03
94,CH03,1.2650002298,Chile,03
95,CH03,1.2305790728,Chile,03
96,CH03,1.2582345012,Chile,03
97,CH03,1.2590921321999997,Chile,03
98,CH03,1.234926438,Chile,03
99,CH03,1.2539270704,Chile,03
100,CH03,1.2438546614000001,Chile,03
1,RP03,1.25358,Ribeirao_Preto,03
2,RP03,1.23668,Ribeirao_Preto,03
3,RP03,1.2244160000000002,Ribeirao_Preto,03
4,RP03,1.2930100000000002,Ribeirao_Preto,03
5,RP03,1.267266,Ribeirao_Preto,03
6,RP03,1.237496,Ribeirao_Preto,03
7,RP03,1.2661859999999998,Ribeirao_Preto,03
8,RP03,1.2507439999999999,Ribeirao_Preto,03
9,RP03,1.224784,Ribeirao_Preto,03
10,RP03,1.219422,Ribeirao_Preto,03
11,RP03,1.232288,Ribeirao_Preto,03
12,RP03,1.217944,Ribeirao_Preto,03
13,RP03,1.2125119999999998,Ribeirao_Preto,03
14,RP03,1.222762,Ribeirao_Preto,03
15,RP03,1.18195,Ribeirao_Preto,03
16,RP03,1.198014,Ribeirao_Preto,03
17,RP03,1.213858,Ribeirao_Preto,03
18,RP03,1.258954,Ribeirao_Preto,03
19,RP03,1.3012219999999999,Ribeirao_Preto,03
20,RP03,1.1992880000000001,Ribeirao_Preto,03
21,RP03,1.236748,Ribeirao_Preto,03
22,RP03,1.245778,Ribeirao_Preto,03
23,RP03,1.252662,Ribeirao_Preto,03
24,RP03,1.243138,Ribeirao_Preto,03
25,RP03,1.2632320000000001,Ribeirao_Preto,03
26,RP03,1.221682,Ribeirao_Preto,03
27,RP03,1.243014,Ribeirao_Preto,03
28,RP03,1.2535319999999999,Ribeirao_Preto,03
29,RP03,1.2546279999999999,Ribeirao_Preto,03
30,RP03,1.26839,Ribeirao_Preto,03
31,RP03,1.248934,Ribeirao_Preto,03
32,RP03,1.225176,Ribeirao_Preto,03
33,RP03,1.2153740000000002,Ribeirao_Preto,03
34,RP03,1.20357,Ribeirao_Preto,03
35,RP03,1.2406199999999998,Ribeirao_Preto,03
36,RP03,1.213952,Ribeirao_Preto,03
37,RP03,1.244538,Ribeirao_Preto,03
38,RP03,1.225838,Ribeirao_Preto,03
39,RP03,1.2555720000000001,Ribeirao_Preto,03
40,RP03,1.241362,Ribeirao_Preto,03
41,RP03,1.206962,Ribeirao_Preto,03
42,RP03,1.200138,Ribeirao_Preto,03
43,RP03,1.212916,Ribeirao_Preto,03
44,RP03,1.2464419999999998,Ribeirao_Preto,03
45,RP03,1.2245739999999998,Ribeirao_Preto,03
46,RP03,1.215024,Ribeirao_Preto,03
47,RP03,1.217674,Ribeirao_Preto,03
48,RP03,1.248582,Ribeirao_Preto,03
49,RP03,1.26028,Ribeirao_Preto,03
50,RP03,1.2037080000000002,Ribeirao_Preto,03
51,RP03,1.2415340000000001,Ribeirao_Preto,03
52,RP03,1.24165,Ribeirao_Preto,03
53,RP03,1.2147720000000002,Ribeirao_Preto,03
54,RP03,1.257272,Ribeirao_Preto,03
55,RP03,1.235962,Ribeirao_Preto,03
56,RP03,1.235242,Ribeirao_Preto,03
57,RP03,1.2592659999999998,Ribeirao_Preto,03
58,RP03,1.253926,Ribeirao_Preto,03
59,RP03,1.2827300000000001,Ribeirao_Preto,03
60,RP03,1.223658,Ribeirao_Preto,03
61,RP03,1.268306,Ribeirao_Preto,03
62,RP03,1.195102,Ribeirao_Preto,03
63,RP03,1.199456,Ribeirao_Preto,03
64,RP03,1.2076719999999999,Ribeirao_Preto,03
65,RP03,1.196912,Ribeirao_Preto,03
66,RP03,1.245178,Ribeirao_Preto,03
67,RP03,1.2108459999999999,Ribeirao_Preto,03
68,RP03,1.229538,Ribeirao_Preto,03
69,RP03,1.25318,Ribeirao_Preto,03
70,RP03,1.253612,Ribeirao_Preto,03
71,RP03,1.150488,Ribeirao_Preto,03
72,RP03,1.2380200000000001,Ribeirao_Preto,03
73,RP03,1.258814,Ribeirao_Preto,03
74,RP03,1.2408460000000001,Ribeirao_Preto,03
75,RP03,1.257996,Ribeirao_Preto,03
76,RP03,1.2394880000000001,Ribeirao_Preto,03
77,RP03,1.1879560000000002,Ribeirao_Preto,03
78,RP03,1.22452,Ribeirao_Preto,03
79,RP03,1.2422559999999998,Ribeirao_Preto,03
80,RP03,1.260658,Ribeirao_Preto,03
81,RP03,,Ribeirao_Preto,03
82,RP03,,Ribeirao_Preto,03
83,RP03,,Ribeirao_Preto,03
84,RP03,,Ribeirao_Preto,03
85,RP03,,Ribeirao_Preto,03
86,RP03,,Ribeirao_Preto,03
87,RP03,,Ribeirao_Preto,03
88,RP03,,Ribeirao_Preto,03
89,RP03,,Ribeirao_Preto,03
90,RP03,,Ribeirao_Preto,03
91,RP03,,Ribeirao_Preto,03
92,RP03,,Ribeirao_Preto,03
93,RP03,,Ribeirao_Preto,03
94,RP03,,Ribeirao_Preto,03
95,RP03,,Ribeirao_Preto,03
96,RP03,,Ribeirao_Preto,03
97,RP03,,Ribeirao_Preto,03
98,RP03,,Ribeirao_Preto,03
99,RP03,,Ribeirao_Preto,03
100,RP03,,Ribeirao_Preto,03
1,CH06,1.2537202728,Chile,06
2,CH06,1.2595532288,Chile,06
3,CH06,1.2459117266,Chile,06
4,CH06,1.2847219284,Chile,06
5,CH06,1.2674314296000002,Chile,06
6,CH06,1.2539127581999998,Chile,06
7,CH06,1.2810572874,Chile,06
8,CH06,1.2385997214,Chile,06
9,CH06,1.2658662472,Chile,06
10,CH06,1.3167364263999999,Chile,06
11,CH06,1.2975206538,Chile,06
12,CH06,1.2425851242000001,Chile,06
13,CH06,1.3322518253999998,Chile,06
14,CH06,1.2820296724,Chile,06
15,CH06,1.2818597198000001,Chile,06
16,CH06,1.2830843565999999,Chile,06
17,CH06,1.2614155162,Chile,06
18,CH06,1.2578773924,Chile,06
19,CH06,1.251514596,Chile,06
20,CH06,1.2939244879999998,Chile,06
21,CH06,1.2792003096,Chile,06
22,CH06,1.2130549637999999,Chile,06
23,CH06,1.3074492924,Chile,06
24,CH06,1.2287320728,Chile,06
25,CH06,1.2655920507999998,Chile,06
26,CH06,1.2679607711999998,Chile,06
27,CH06,1.3018226689999999,Chile,06
28,CH06,1.2710472774,Chile,06
29,CH06,1.2384797278,Chile,06
30,CH06,1.2041035442,Chile,06
31,CH06,1.2712211024000002,Chile,06
32,CH06,1.2913471622,Chile,06
33,CH06,1.316379886,Chile,06
34,CH06,1.2703464735999999,Chile,06
35,CH06,1.28959096,Chile,06
36,CH06,1.2774994992,Chile,06
37,CH06,1.289187346,Chile,06
38,CH06,1.2564372852,Chile,06
39,CH06,1.2673743708,Chile,06
40,CH06,1.2792447324,Chile,06
41,CH06,1.236636401,Chile,06
42,CH06,1.325269084,Chile,06
43,CH06,1.2767124974,Chile,06
44,CH06,1.2886581958,Chile,06
45,CH06,1.2538381537999999,Chile,06
46,CH06,1.3066087128000001,Chile,06
47,CH06,1.3149482376000001,Chile,06
48,CH06,1.2439352392,Chile,06
49,CH06,1.2781767108,Chile,06
50,CH06,1.2879942712,Chile,06
51,CH06,1.304451324,Chile,06
52,CH06,1.3215148417999998,Chile,06
53,CH06,1.2638920712,Chile,06
54,CH06,1.3144465045999998,Chile,06
55,CH06,1.2971736076,Chile,06
56,CH06,1.2655586376,Chile,06
57,CH06,1.2714646795999998,Chile,06
58,CH06,1.3225045796,Chile,06
59,CH06,1.2462491938,Chile,06
60,CH06,1.2842046379999998,Chile,06
61,CH06,1.2792686038,Chile,06
62,CH06,1.2966922404,Chile,06
63,CH06,1.2902709646,Chile,06
64,CH06,1.2700246005999998,Chile,06
65,CH06,1.3075475401999999,Chile,06
66,CH06,,Chile,06
67,CH06,,Chile,06
68,CH06,,Chile,06
69,CH06,,Chile,06
70,CH06,,Chile,06
71,CH06,,Chile,06
72,CH06,,Chile,06
73,CH06,,Chile,06
74,CH06,,Chile,06
75,CH06,,Chile,06
76,CH06,,Chile,06
77,CH06,,Chile,06
78,CH06,,Chile,06
79,CH06,,Chile,06
80,CH06,,Chile,06
81,CH06,,Chile,06
82,CH06,,Chile,06
83,CH06,,Chile,06
84,CH06,,Chile,06
85,CH06,,Chile,06
86,CH06,,Chile,06
87,CH06,,Chile,06
88,CH06,,Chile,06
89,CH06,,Chile,06
90,CH06,,Chile,06
91,CH06,,Chile,06
92,CH06,,Chile,06
93,CH06,,Chile,06
94,CH06,,Chile,06
95,CH06,,Chile,06
96,CH06,,Chile,06
97,CH06,,Chile,06
98,CH06,,Chile,06
99,CH06,,Chile,06
100,CH06,,Chile,06
1,RP06,1.2680401088000002,Ribeirao_Preto,06
2,RP06,1.2249694608000001,Ribeirao_Preto,06
3,RP06,1.2483171332,Ribeirao_Preto,06
4,RP06,1.2621991616,Ribeirao_Preto,06
5,RP06,1.2065256798,Ribeirao_Preto,06
6,RP06,1.2358915256,Ribeirao_Preto,06
7,RP06,1.2746902494,Ribeirao_Preto,06
8,RP06,1.2176796708000002,Ribeirao_Preto,06
9,RP06,1.2447039788,Ribeirao_Preto,06
10,RP06,1.2587433702,Ribeirao_Preto,06
11,RP06,1.2544498746,Ribeirao_Preto,06
12,RP06,1.2005479097999998,Ribeirao_Preto,06
13,RP06,1.2487347784,Ribeirao_Preto,06
14,RP06,1.235562719,Ribeirao_Preto,06
15,RP06,1.2153819866,Ribeirao_Preto,06
16,RP06,1.2422143472,Ribeirao_Preto,06
17,RP06,1.1992532541999998,Ribeirao_Preto,06
18,RP06,1.18656177,Ribeirao_Preto,06
19,RP06,1.2475431782,Ribeirao_Preto,06
20,RP06,1.2428791692,Ribeirao_Preto,06
21,RP06,1.2549665094,Ribeirao_Preto,06
22,RP06,1.2783252106,Ribeirao_Preto,06
23,RP06,1.2573321804,Ribeirao_Preto,06
24,RP06,1.2576870338000001,Ribeirao_Preto,06
25,RP06,1.2253315258,Ribeirao_Preto,06
26,RP06,1.2340713133999999,Ribeirao_Preto,06
27,RP06,1.208905675,Ribeirao_Preto,06
28,RP06,1.1634456628,Ribeirao_Preto,06
29,RP06,1.1737670909999998,Ribeirao_Preto,06
30,RP06,1.2589479698000001,Ribeirao_Preto,06
31,RP06,1.25101043,Ribeirao_Preto,06
32,RP06,1.2200175942,Ribeirao_Preto,06
33,RP06,1.2451144358000001,Ribeirao_Preto,06
34,RP06,1.2183009114,Ribeirao_Preto,06
35,RP06,1.2528528622,Ribeirao_Preto,06
36,RP06,1.240429684,Ribeirao_Preto,06
37,RP06,1.2360516046,Ribeirao_Preto,06
38,RP06,1.2382754126,Ribeirao_Preto,06
39,RP06,1.2150016253999998,Ribeirao_Preto,06
40,RP06,1.2583152994,Ribeirao_Preto,06
41,RP06,1.2186822426,Ribeirao_Preto,06
42,RP06,1.1889315332,Ribeirao_Preto,06
43,RP06,1.2299229598,Ribeirao_Preto,06
44,RP06,1.2431498194,Ribeirao_Preto,06
45,RP06,1.2506488912,Ribeirao_Preto,06
46,RP06,1.2324362894000003,Ribeirao_Preto,06
47,RP06,1.2104131934,Ribeirao_Preto,06
48,RP06,1.2047818614,Ribeirao_Preto,06
49,RP06,1.2720599858,Ribeirao_Preto,06
50,RP06,1.2347402937999998,Ribeirao_Preto,06
51,RP06,1.2641382544000002,Ribeirao_Preto,06
52,RP06,1.2376237054,Ribeirao_Preto,06
53,RP06,1.252832594,Ribeirao_Preto,06
54,RP06,1.2095498137999998,Ribeirao_Preto,06
55,RP06,1.2082001655999999,Ribeirao_Preto,06
56,RP06,1.2019424042,Ribeirao_Preto,06
57,RP06,1.2318179042000001,Ribeirao_Preto,06
58,RP06,1.2364609294000002,Ribeirao_Preto,06
59,RP06,1.2232778068,Ribeirao_Preto,06
60,RP06,1.2400644368,Ribeirao_Preto,06
61,RP06,1.2478353117999998,Ribeirao_Preto,06
62,RP06,1.230104352,Ribeirao_Preto,06
63,RP06,1.2566002984,Ribeirao_Preto,06
64,RP06,1.1825397605999999,Ribeirao_Preto,06
65,RP06,1.1928423502,Ribeirao_Preto,06
66,RP06,1.3031808636000002,Ribeirao_Preto,06
67,RP06,1.2434033824,Ribeirao_Preto,06
68,RP06,1.2250992591999998,Ribeirao_Preto,06
69,RP06,1.2793498423999998,Ribeirao_Preto,06
70,RP06,1.2384375016,Ribeirao_Preto,06
71,RP06,1.2521520153999999,Ribeirao_Preto,06
72,RP06,1.2650427772000001,Ribeirao_Preto,06
73,RP06,1.2287707700000001,Ribeirao_Preto,06
74,RP06,1.1683581886,Ribeirao_Preto,06
75,RP06,1.2109183737999998,Ribeirao_Preto,06
76,RP06,1.2428423346,Ribeirao_Preto,06
77,RP06,1.263322022,Ribeirao_Preto,06
78,RP06,1.1749954087999999,Ribeirao_Preto,06
79,RP06,1.2424724436,Ribeirao_Preto,06
80,RP06,1.2252117221999999,Ribeirao_Preto,06
81,RP06,,Ribeirao_Preto,06
82,RP06,,Ribeirao_Preto,06
83,RP06,,Ribeirao_Preto,06
84,RP06,,Ribeirao_Preto,06
85,RP06,,Ribeirao_Preto,06
86,RP06,,Ribeirao_Preto,06
87,RP06,,Ribeirao_Preto,06
88,RP06,,Ribeirao_Preto,06
89,RP06,,Ribeirao_Preto,06
90,RP06,,Ribeirao_Preto,06
91,RP06,,Ribeirao_Preto,06
92,RP06,,Ribeirao_Preto,06
93,RP06,,Ribeirao_Preto,06
94,RP06,,Ribeirao_Preto,06
95,RP06,,Ribeirao_Preto,06
96,RP06,,Ribeirao_Preto,06
97,RP06,,Ribeirao_Preto,06
98,RP06,,Ribeirao_Preto,06
99,RP06,,Ribeirao_Preto,06
100,RP06,,Ribeirao_Preto,06
1,CH08,1.3305569627999998,Chile,08
2,CH08,1.2747201332,Chile,08
3,CH08,1.3497795460000002,Chile,08
4,CH08,1.3131049168,Chile,08
5,CH08,1.2225750716000001,Chile,08
6,CH08,1.2250839247999998,Chile,08
7,CH08,1.3080435522,Chile,08
8,CH08,1.302082064,Chile,08
9,CH08,1.3076267684,Chile,08
10,CH08,1.3001266,Chile,08
11,CH08,1.2634179967999999,Chile,08
12,CH08,1.2527392534,Chile,08
13,CH08,1.2714497807999998,Chile,08
14,CH08,1.2733324842000002,Chile,08
15,CH08,1.2818876818,Chile,08
16,CH08,1.2717878998,Chile,08
17,CH08,1.285385583,Chile,08
18,CH08,1.3062422502,Chile,08
19,CH08,1.2946462454,Chile,08
20,CH08,1.2874535757999999,Chile,08
21,CH08,1.3242574172000001,Chile,08
22,CH08,1.2379410558,Chile,08
23,CH08,1.2530523436000003,Chile,08
24,CH08,1.2441107072000002,Chile,08
25,CH08,1.3170115730000003,Chile,08
26,CH08,1.2839018714000001,Chile,08
27,CH08,1.3195588260000002,Chile,08
28,CH08,1.3033212608,Chile,08
29,CH08,1.2749660154,Chile,08
30,CH08,1.285840122,Chile,08
31,CH08,1.2591053898000002,Chile,08
32,CH08,1.2828332516,Chile,08
33,CH08,1.298765898,Chile,08
34,CH08,1.2716694366,Chile,08
35,CH08,1.211418267,Chile,08
36,CH08,1.2506577018,Chile,08
37,CH08,1.2400209742,Chile,08
38,CH08,1.2456131634,Chile,08
39,CH08,1.274104753,Chile,08
40,CH08,1.2783380312,Chile,08
41,CH08,1.2751593894,Chile,08
42,CH08,1.3284992934,Chile,08
43,CH08,1.2673282052000001,Chile,08
44,CH08,1.2531789995999998,Chile,08
45,CH08,1.2754932166000001,Chile,08
46,CH08,1.3017250386,Chile,08
47,CH08,1.2809671338000002,Chile,08
48,CH08,1.2699641332,Chile,08
49,CH08,1.2569429062,Chile,08
50,CH08,1.2626481425999998,Chile,08
51,CH08,1.2724855422,Chile,08
52,CH08,1.2608973350000001,Chile,08
53,CH08,1.2578174138,Chile,08
54,CH08,1.2446401028,Chile,08
55,CH08,1.2601942352,Chile,08
56,CH08,1.2232855731999999,Chile,08
57,CH08,1.3066178336,Chile,08
58,CH08,1.3033723611999999,Chile,08
59,CH08,1.2495729657999999,Chile,08
60,CH08,1.3258422684000002,Chile,08
61,CH08,1.2484701016000002,Chile,08
62,CH08,1.2744089072,Chile,08
63,CH08,1.3175450516,Chile,08
64,CH08,1.3253362857999997,Chile,08
65,CH08,1.2944577743999999,Chile,08
66,CH08,1.2678684892,Chile,08
67,CH08,1.288805376,Chile,08
68,CH08,1.2778116389999998,Chile,08
69,CH08,1.2471533256,Chile,08
70,CH08,1.3167313864,Chile,08
71,CH08,1.2814593542000001,Chile,08
72,CH08,1.2908095024,Chile,08
73,CH08,1.2720131764,Chile,08
74,CH08,1.2441376634,Chile,08
75,CH08,1.3166792742,Chile,08
76,CH08,1.2682139653999998,Chile,08
77,CH08,1.2748882224,Chile,08
78,CH08,1.3326794925999998,Chile,08
79,CH08,1.325769262,Chile,08
80,CH08,1.2750258678000002,Chile,08
81,CH08,1.2671322967999998,Chile,08
82,CH08,1.2887971703999999,Chile,08
83,CH08,1.3143784888,Chile,08
84,CH08,1.317174087,Chile,08
85,CH08,1.3009418939999997,Chile,08
86,CH08,1.249896374,Chile,08
87,CH08,1.2706395462,Chile,08
88,CH08,1.2578650599999999,Chile,08
89,CH08,1.293747183,Chile,08
90,CH08,1.2692188526000003,Chile,08
91,CH08,1.2741791660000001,Chile,08
92,CH08,1.2722596722000001,Chile,08
93,CH08,1.2527258663999998,Chile,08
94,CH08,1.3113237705999998,Chile,08
95,CH08,1.3028341111999997,Chile,08
96,CH08,1.2194642954000001,Chile,08
97,CH08,1.2879046770000002,Chile,08
98,CH08,1.2625571909999997,Chile,08
99,CH08,1.2894852797999998,Chile,08
100,CH08,1.2879967328000002,Chile,08
1,RP08,1.1899614649999999,Ribeirao_Preto,08
2,RP08,1.2386393643999998,Ribeirao_Preto,08
3,RP08,1.2267866358,Ribeirao_Preto,08
4,RP08,1.2170438954,Ribeirao_Preto,08
5,RP08,1.2707778262,Ribeirao_Preto,08
6,RP08,1.2467444734000002,Ribeirao_Preto,08
7,RP08,1.2412046228,Ribeirao_Preto,08
8,RP08,1.2192188292,Ribeirao_Preto,08
9,RP08,1.1988381958,Ribeirao_Preto,08
10,RP08,1.2002117512000001,Ribeirao_Preto,08
11,RP08,1.2268800828000002,Ribeirao_Preto,08
12,RP08,1.2791604509999999,Ribeirao_Preto,08
13,RP08,1.2531328172,Ribeirao_Preto,08
14,RP08,1.3128175123999999,Ribeirao_Preto,08
15,RP08,1.2609252904,Ribeirao_Preto,08
16,RP08,1.242546065,Ribeirao_Preto,08
17,RP08,1.2462878652,Ribeirao_Preto,08
18,RP08,1.2539980957999999,Ribeirao_Preto,08
19,RP08,1.205999993,Ribeirao_Preto,08
20,RP08,1.2581977086,Ribeirao_Preto,08
21,RP08,1.2138803816,Ribeirao_Preto,08
22,RP08,1.2144890106,Ribeirao_Preto,08
23,RP08,1.2071798568,Ribeirao_Preto,08
24,RP08,1.1952954188,Ribeirao_Preto,08
25,RP08,1.2553808067999999,Ribeirao_Preto,08
26,RP08,1.2559780003999998,Ribeirao_Preto,08
27,RP08,1.1618528464,Ribeirao_Preto,08
28,RP08,1.2498624852,Ribeirao_Preto,08
29,RP08,1.2884547767999999,Ribeirao_Preto,08
30,RP08,1.2241633090000001,Ribeirao_Preto,08
31,RP08,1.1565889808,Ribeirao_Preto,08
32,RP08,1.2292440187999998,Ribeirao_Preto,08
33,RP08,1.2133368208000002,Ribeirao_Preto,08
34,RP08,1.2248155478,Ribeirao_Preto,08
35,RP08,1.1704205666,Ribeirao_Preto,08
36,RP08,1.2270632614,Ribeirao_Preto,08
37,RP08,1.2177879731999999,Ribeirao_Preto,08
38,RP08,1.2525710236,Ribeirao_Preto,08
39,RP08,1.2544616447999999,Ribeirao_Preto,08
40,RP08,1.2494276856000002,Ribeirao_Preto,08
41,RP08,1.2494738958,Ribeirao_Preto,08
42,RP08,1.1299489018,Ribeirao_Preto,08
43,RP08,1.2043134819999999,Ribeirao_Preto,08
44,RP08,1.2291538394,Ribeirao_Preto,08
45,RP08,1.2104563834,Ribeirao_Preto,08
46,RP08,1.2234387655999999,Ribeirao_Preto,08
47,RP08,1.2307563961999999,Ribeirao_Preto,08
48,RP08,1.2193709116,Ribeirao_Preto,08
49,RP08,1.1779800012000001,Ribeirao_Preto,08
50,RP08,1.1936030502000001,Ribeirao_Preto,08
51,RP08,1.262374077,Ribeirao_Preto,08
52,RP08,1.2281558234,Ribeirao_Preto,08
53,RP08,1.1644344927999999,Ribeirao_Preto,08
54,RP08,1.2620375838,Ribeirao_Preto,08
55,RP08,1.2053123954,Ribeirao_Preto,08
56,RP08,1.2212083628000001,Ribeirao_Preto,08
57,RP08,1.2237334424,Ribeirao_Preto,08
58,RP08,1.2561399482000002,Ribeirao_Preto,08
59,RP08,1.2454767128,Ribeirao_Preto,08
60,RP08,1.2317546406,Ribeirao_Preto,08
61,RP08,1.2081707313999999,Ribeirao_Preto,08
62,RP08,1.1619612701999997,Ribeirao_Preto,08
63,RP08,1.2293535998,Ribeirao_Preto,08
64,RP08,1.20626188,Ribeirao_Preto,08
65,RP08,1.2185905650000002,Ribeirao_Preto,08
66,RP08,1.2489445808000001,Ribeirao_Preto,08
67,RP08,1.2679585878000001,Ribeirao_Preto,08
68,RP08,1.2109314876,Ribeirao_Preto,08
69,RP08,1.2002717926,Ribeirao_Preto,08
70,RP08,1.2714998469999998,Ribeirao_Preto,08
71,RP08,1.1747615828,Ribeirao_Preto,08
72,RP08,1.2261250996,Ribeirao_Preto,08
73,RP08,1.2578651345999998,Ribeirao_Preto,08
74,RP08,1.2686414688,Ribeirao_Preto,08
75,RP08,1.2259692472000001,Ribeirao_Preto,08
76,RP08,1.2364771179999998,Ribeirao_Preto,08
77,RP08,1.2027275518,Ribeirao_Preto,08
78,RP08,1.2643848452,Ribeirao_Preto,08
79,RP08,1.2243199622,Ribeirao_Preto,08
80,RP08,1.2370275236000001,Ribeirao_Preto,08
81,RP08,,Ribeirao_Preto,08
82,RP08,,Ribeirao_Preto,08
83,RP08,,Ribeirao_Preto,08
84,RP08,,Ribeirao_Preto,08
85,RP08,,Ribeirao_Preto,08
86,RP08,,Ribeirao_Preto,08
87,RP08,,Ribeirao_Preto,08
88,RP08,,Ribeirao_Preto,08
89,RP08,,Ribeirao_Preto,08
90,RP08,,Ribeirao_Preto,08
91,RP08,,Ribeirao_Preto,08
92,RP08,,Ribeirao_Preto,08
93,RP08,,Ribeirao_Preto,08
94,RP08,,Ribeirao_Preto,08
95,RP08,,Ribeirao_Preto,08
96,RP08,,Ribeirao_Preto,08
97,RP08,,Ribeirao_Preto,08
98,RP08,,Ribeirao_Preto,08
99,RP08,,Ribeirao_Preto,08
100,RP08,,Ribeirao_Preto,08
1,CH10,1.2497092646,Chile,10
2,CH10,1.2521649568000002,Chile,10
3,CH10,1.2718963684,Chile,10
4,CH10,1.189667174,Chile,10
5,CH10,1.2833515598,Chile,10
6,CH10,1.228250376,Chile,10
7,CH10,1.2412180473999999,Chile,10
8,CH10,1.2836245376000002,Chile,10
9,CH10,1.3118332261999999,Chile,10
10,CH10,1.2650420782,Chile,10
11,CH10,1.2702119896,Chile,10
12,CH10,1.2894729412000001,Chile,10
13,CH10,1.1910410599999999,Chile,10
14,CH10,1.2380404298,Chile,10
15,CH10,1.212803076,Chile,10
16,CH10,1.3231920558,Chile,10
17,CH10,1.2458545012,Chile,10
18,CH10,1.2557719174,Chile,10
19,CH10,1.2909744118,Chile,10
20,CH10,1.2433901362,Chile,10
21,CH10,1.2768261762,Chile,10
22,CH10,1.2655627376,Chile,10
23,CH10,1.2438654218,Chile,10
24,CH10,1.247802566,Chile,10
25,CH10,1.2827282294,Chile,10
26,CH10,1.2493884741999999,Chile,10
27,CH10,1.2223265714000002,Chile,10
28,CH10,1.2617338826,Chile,10
29,CH10,1.1981811721999998,Chile,10
30,CH10,1.2421012824,Chile,10
31,CH10,1.264050345,Chile,10
32,CH10,1.2554646756,Chile,10
33,CH10,1.225058524,Chile,10
34,CH10,1.2938377744,Chile,10
35,CH10,1.2968504872,Chile,10
36,CH10,1.2150432320000002,Chile,10
37,CH10,1.2599112222,Chile,10
38,CH10,1.2710779334000002,Chile,10
39,CH10,1.2496423909999999,Chile,10
40,CH10,1.2444424066,Chile,10
41,CH10,1.2388410967999999,Chile,10
42,CH10,1.2524675964,Chile,10
43,CH10,1.218326611,Chile,10
44,CH10,1.2808776767999999,Chile,10
45,CH10,1.2419937246,Chile,10
46,CH10,1.2654901052,Chile,10
47,CH10,1.2451355091999998,Chile,10
48,CH10,1.2418318746,Chile,10
49,CH10,1.2300685118000003,Chile,10
50,CH10,1.3020169696,Chile,10
51,CH10,1.2379082458,Chile,10
52,CH10,1.2311690598,Chile,10
53,CH10,1.2652426815999998,Chile,10
54,CH10,1.2164918802,Chile,10
55,CH10,1.2642049994,Chile,10
56,CH10,1.2653346308,Chile,10
57,CH10,1.2717929368,Chile,10
58,CH10,1.2714418699999999,Chile,10
59,CH10,1.2494754334000002,Chile,10
60,CH10,1.2529248275999998,Chile,10
61,CH10,1.3207026862000002,Chile,10
62,CH10,1.270939617,Chile,10
63,CH10,1.2790494616,Chile,10
64,CH10,1.2490669054,Chile,10
65,CH10,1.2138670832,Chile,10
66,CH10,1.2295579628,Chile,10
67,CH10,1.2842591594,Chile,10
68,CH10,1.1969441952,Chile,10
69,CH10,1.2563557756,Chile,10
70,CH10,1.2493377206,Chile,10
71,CH10,1.2177616896,Chile,10
72,CH10,1.1942539584000003,Chile,10
73,CH10,1.2408711315999998,Chile,10
74,CH10,1.2612305256,Chile,10
75,CH10,1.277318819,Chile,10
76,CH10,1.2287452466,Chile,10
77,CH10,1.2432143082,Chile,10
78,CH10,1.2199156746,Chile,10
79,CH10,1.188128811,Chile,10
80,CH10,1.2777041014,Chile,10
81,CH10,1.1881149152000001,Chile,10
82,CH10,1.1852736808,Chile,10
83,CH10,1.2776924758000001,Chile,10
84,CH10,1.273667738,Chile,10
85,CH10,1.2607413468000002,Chile,10
86,CH10,1.253729083,Chile,10
87,CH10,1.2444088188,Chile,10
88,CH10,1.2064259759999998,Chile,10
89,CH10,1.2834795404,Chile,10
90,CH10,1.2458854256,Chile,10
91,CH10,1.2113223441999998,Chile,10
92,CH10,1.202406748,Chile,10
93,CH10,1.2099486709999998,Chile,10
94,CH10,1.224961064,Chile,10
95,CH10,1.2170643126,Chile,10
96,CH10,1.2968686636,Chile,10
97,CH10,1.2673851405999998,Chile,10
98,CH10,1.2402561846,Chile,10
99,CH10,,Chile,10
100,CH10,,Chile,10
1,RP10,1.2527155772,Ribeirao_Preto,10
2,RP10,1.2337987152,Ribeirao_Preto,10
3,RP10,1.2348773184,Ribeirao_Preto,10
4,RP10,1.252201753,Ribeirao_Preto,10
5,RP10,1.2228664618,Ribeirao_Preto,10
6,RP10,1.2152482642,Ribeirao_Preto,10
7,RP10,1.2364266192,Ribeirao_Preto,10
8,RP10,1.2238165956,Ribeirao_Preto,10
9,RP10,1.2282272632,Ribeirao_Preto,10
10,RP10,1.2185305642,Ribeirao_Preto,10
11,RP10,1.2479826576000002,Ribeirao_Preto,10
12,RP10,1.233695724,Ribeirao_Preto,10
13,RP10,1.2172396505999998,Ribeirao_Preto,10
14,RP10,1.212003537,Ribeirao_Preto,10
15,RP10,1.2453964805999997,Ribeirao_Preto,10
16,RP10,1.2364068544,Ribeirao_Preto,10
17,RP10,1.2276635106,Ribeirao_Preto,10
18,RP10,1.2303008396,Ribeirao_Preto,10
19,RP10,1.1895863548,Ribeirao_Preto,10
20,RP10,1.2224981648,Ribeirao_Preto,10
21,RP10,1.2166295102000002,Ribeirao_Preto,10
22,RP10,1.214109981,Ribeirao_Preto,10
23,RP10,1.257474377,Ribeirao_Preto,10
24,RP10,1.2149354427999999,Ribeirao_Preto,10
25,RP10,1.1931552163999999,Ribeirao_Preto,10
26,RP10,1.230533849,Ribeirao_Preto,10
27,RP10,1.2306359666,Ribeirao_Preto,10
28,RP10,1.2711039348,Ribeirao_Preto,10
29,RP10,1.2505934998000001,Ribeirao_Preto,10
30,RP10,1.2699883163999999,Ribeirao_Preto,10
31,RP10,1.2154336798000003,Ribeirao_Preto,10
32,RP10,1.1931884837999998,Ribeirao_Preto,10
33,RP10,1.2107944905999999,Ribeirao_Preto,10
34,RP10,1.2162389894,Ribeirao_Preto,10
35,RP10,1.2401999278,Ribeirao_Preto,10
36,RP10,1.2512159238,Ribeirao_Preto,10
37,RP10,1.2089959426,Ribeirao_Preto,10
38,RP10,1.224286276,Ribeirao_Preto,10
39,RP10,1.2129870902,Ribeirao_Preto,10
40,RP10,1.2210348563999998,Ribeirao_Preto,10
41,RP10,1.2422533346,Ribeirao_Preto,10
42,RP10,1.2240244193999998,Ribeirao_Preto,10
43,RP10,1.2079559352,Ribeirao_Preto,10
44,RP10,1.2105182665999998,Ribeirao_Preto,10
45,RP10,1.2469107242,Ribeirao_Preto,10
46,RP10,1.2048056678,Ribeirao_Preto,10
47,RP10,1.2425837486,Ribeirao_Preto,10
48,RP10,1.220853076,Ribeirao_Preto,10
49,RP10,1.245444003,Ribeirao_Preto,10
50,RP10,1.2121247478000001,Ribeirao_Preto,10
51,RP10,1.233616558,Ribeirao_Preto,10
52,RP10,1.2352566008,Ribeirao_Preto,10
53,RP10,1.2058120918,Ribeirao_Preto,10
54,RP10,1.2439477668,Ribeirao_Preto,10
55,RP10,1.248192086,Ribeirao_Preto,10
56,RP10,1.2818155,Ribeirao_Preto,10
57,RP10,1.2248260443999999,Ribeirao_Preto,10
58,RP10,1.2353826931999998,Ribeirao_Preto,10
59,RP10,1.240660166,Ribeirao_Preto,10
60,RP10,1.2130375401999998,Ribeirao_Preto,10
61,RP10,1.2492770951999999,Ribeirao_Preto,10
62,RP10,1.1996717149999998,Ribeirao_Preto,10
63,RP10,1.2095603152,Ribeirao_Preto,10
64,RP10,1.2139795226,Ribeirao_Preto,10
65,RP10,1.2263928568,Ribeirao_Preto,10
66,RP10,1.1974091192,Ribeirao_Preto,10
67,RP10,1.2674980722,Ribeirao_Preto,10
68,RP10,1.2262428008,Ribeirao_Preto,10
69,RP10,1.2379618338,Ribeirao_Preto,10
70,RP10,1.202141805,Ribeirao_Preto,10
71,RP10,1.2277959478,Ribeirao_Preto,10
72,RP10,1.1828727188,Ribeirao_Preto,10
73,RP10,1.2153930540000002,Ribeirao_Preto,10
74,RP10,1.2354071264,Ribeirao_Preto,10
75,RP10,1.1659760318,Ribeirao_Preto,10
76,RP10,1.2314467111999998,Ribeirao_Preto,10
77,RP10,1.2358923186,Ribeirao_Preto,10
78,RP10,1.2125870738000002,Ribeirao_Preto,10
79,RP10,1.2235663254,Ribeirao_Preto,10
80,RP10,,Ribeirao_Preto,10
81,RP10,,Ribeirao_Preto,10
82,RP10,,Ribeirao_Preto,10
83,RP10,,Ribeirao_Preto,10
84,RP10,,Ribeirao_Preto,10
85,RP10,,Ribeirao_Preto,10
86,RP10,,Ribeirao_Preto,10
87,RP10,,Ribeirao_Preto,10
88,RP10,,Ribeirao_Preto,10
89,RP10,,Ribeirao_Preto,10
90,RP10,,Ribeirao_Preto,10
91,RP10,,Ribeirao_Preto,10
92,RP10,,Ribeirao_Preto,10
93,RP10,,Ribeirao_Preto,10
94,RP10,,Ribeirao_Preto,10
95,RP10,,Ribeirao_Preto,10
96,RP10,,Ribeirao_Preto,10
97,RP10,,Ribeirao_Preto,10
98,RP10,,Ribeirao_Preto,10
99,RP10,,Ribeirao_Preto,10
100,RP10,,Ribeirao_Preto,10
1,CH11,1.2627986804,Chile,11
2,CH11,1.2346783518000002,Chile,11
3,CH11,1.216751466,Chile,11
4,CH11,1.2878382957999999,Chile,11
5,CH11,1.2660073349999998,Chile,11
6,CH11,1.2446420132,Chile,11
7,CH11,1.2651548338,Chile,11
8,CH11,1.2473334988000002,Chile,11
9,CH11,1.2610449336,Chile,11
10,CH11,1.2435454672000001,Chile,11
11,CH11,1.2625770256,Chile,11
12,CH11,1.253656486,Chile,11
13,CH11,1.268356515,Chile,11
14,CH11,1.2315549127999998,Chile,11
15,CH11,1.2371645808,Chile,11
16,CH11,1.2416429657999999,Chile,11
17,CH11,1.2790773876000001,Chile,11
18,CH11,1.2705610402,Chile,11
19,CH11,1.2416925531999998,Chile,11
20,CH11,1.2686043526,Chile,11
21,CH11,1.2509945569999998,Chile,11
22,CH11,1.2199292462,Chile,11
23,CH11,1.2485136624,Chile,11
24,CH11,1.271517023,Chile,11
25,CH11,1.2152934968,Chile,11
26,CH11,1.2278754356,Chile,11
27,CH11,1.2371230513999998,Chile,11
28,CH11,1.2247897272000001,Chile,11
29,CH11,1.2531282382,Chile,11
30,CH11,1.274617419,Chile,11
31,CH11,1.2489894042,Chile,11
32,CH11,1.278792535,Chile,11
33,CH11,1.246706128,Chile,11
34,CH11,1.2102645712,Chile,11
35,CH11,1.2359173923999998,Chile,11
36,CH11,1.2046399188,Chile,11
37,CH11,1.2209575755999997,Chile,11
38,CH11,1.2259574386,Chile,11
39,CH11,1.2672246986000002,Chile,11
40,CH11,1.2593353768,Chile,11
41,CH11,1.2425257182,Chile,11
42,CH11,1.277787644,Chile,11
43,CH11,1.2491789584,Chile,11
44,CH11,1.2483318251999997,Chile,11
45,CH11,1.2668171903999998,Chile,11
46,CH11,1.2360422288000001,Chile,11
47,CH11,1.2392864708000002,Chile,11
48,CH11,1.2784108632,Chile,11
49,CH11,1.2367161251999998,Chile,11
50,CH11,1.2601389762,Chile,11
51,CH11,1.2700804158,Chile,11
52,CH11,1.2575035688,Chile,11
53,CH11,1.2129477388,Chile,11
54,CH11,1.2739982226,Chile,11
55,CH11,1.2602348231999998,Chile,11
56,CH11,1.2413788948,Chile,11
57,CH11,1.2579753944000003,Chile,11
58,CH11,1.2245999859999999,Chile,11
59,CH11,1.2305538406,Chile,11
60,CH11,1.2274720192,Chile,11
61,CH11,1.2456890314,Chile,11
62,CH11,1.2835985070000002,Chile,11
63,CH11,1.2600309889999999,Chile,11
64,CH11,1.2598957916,Chile,11
65,CH11,1.2029073584,Chile,11
66,CH11,1.2497730975999999,Chile,11
67,CH11,1.2346275302000003,Chile,11
68,CH11,1.2223399202,Chile,11
69,CH11,1.2104844248,Chile,11
70,CH11,1.2199024332000001,Chile,11
71,CH11,1.2113762533999999,Chile,11
72,CH11,1.2895213318,Chile,11
73,CH11,1.2276944965999999,Chile,11
74,CH11,1.2591268576,Chile,11
75,CH11,1.2372829177999998,Chile,11
76,CH11,1.2673910797999999,Chile,11
77,CH11,1.2521662034,Chile,11
78,CH11,1.1923708238,Chile,11
79,CH11,1.2578081015999998,Chile,11
80,CH11,1.2258155902,Chile,11
81,CH11,1.2502387589999997,Chile,11
82,CH11,1.2235284054000002,Chile,11
83,CH11,1.2325204325999999,Chile,11
84,CH11,1.2194870781999998,Chile,11
85,CH11,1.2264841041999999,Chile,11
86,CH11,1.2220303764,Chile,11
87,CH11,1.2075390624,Chile,11
88,CH11,1.2557284938,Chile,11
89,CH11,1.2296731976,Chile,11
90,CH11,1.2144481122,Chile,11
91,CH11,1.2522834183999998,Chile,11
92,CH11,1.2258315646,Chile,11
93,CH11,1.268452707,Chile,11
94,CH11,1.2290946973999999,Chile,11
95,CH11,1.2406041834,Chile,11
96,CH11,1.21036243,Chile,11
97,CH11,1.224797461,Chile,11
98,CH11,1.222269029,Chile,11
99,CH11,1.2007523592000002,Chile,11
100,CH11,1.2309032765999999,Chile,11
1,RP11,1.2497541252,Ribeirao_Preto,11
2,RP11,1.2284271272,Ribeirao_Preto,11
3,RP11,1.1972376236,Ribeirao_Preto,11
4,RP11,1.1837786443999998,Ribeirao_Preto,11
5,RP11,1.1904760568000001,Ribeirao_Preto,11
6,RP11,1.2280363694,Ribeirao_Preto,11
7,RP11,1.1903117717999998,Ribeirao_Preto,11
8,RP11,1.2191610292,Ribeirao_Preto,11
9,RP11,1.237571359,Ribeirao_Preto,11
10,RP11,1.2356707108,Ribeirao_Preto,11
11,RP11,1.1861578985999999,Ribeirao_Preto,11
12,RP11,1.2119448338,Ribeirao_Preto,11
13,RP11,1.2406072853999999,Ribeirao_Preto,11
14,RP11,1.2351959306,Ribeirao_Preto,11
15,RP11,1.2337192552,Ribeirao_Preto,11
16,RP11,1.2068023696,Ribeirao_Preto,11
17,RP11,1.2121244888,Ribeirao_Preto,11
18,RP11,1.1600893024,Ribeirao_Preto,11
19,RP11,1.2285877883999998,Ribeirao_Preto,11
20,RP11,1.1969554932000002,Ribeirao_Preto,11
21,RP11,1.1820523488,Ribeirao_Preto,11
22,RP11,1.2402770868,Ribeirao_Preto,11
23,RP11,1.2060786104,Ribeirao_Preto,11
24,RP11,1.2253824878,Ribeirao_Preto,11
25,RP11,1.2115892424,Ribeirao_Preto,11
26,RP11,1.2506160646000002,Ribeirao_Preto,11
27,RP11,1.2209784402000001,Ribeirao_Preto,11
28,RP11,1.2129733432,Ribeirao_Preto,11
29,RP11,1.2082418412,Ribeirao_Preto,11
30,RP11,1.2363184113999999,Ribeirao_Preto,11
31,RP11,1.2275710128,Ribeirao_Preto,11
32,RP11,1.2031764918,Ribeirao_Preto,11
33,RP11,1.2237079924,Ribeirao_Preto,11
34,RP11,1.2134178982,Ribeirao_Preto,11
35,RP11,1.2342077803999998,Ribeirao_Preto,11
36,RP11,1.1764355264000002,Ribeirao_Preto,11
37,RP11,1.21421398,Ribeirao_Preto,11
38,RP11,1.2377026004,Ribeirao_Preto,11
39,RP11,1.2146470228,Ribeirao_Preto,11
40,RP11,1.2010708124,Ribeirao_Preto,11
41,RP11,1.2529020622,Ribeirao_Preto,11
42,RP11,1.2160039738,Ribeirao_Preto,11
43,RP11,1.201975792,Ribeirao_Preto,11
44,RP11,1.2110783987999998,Ribeirao_Preto,11
45,RP11,1.2401615480000001,Ribeirao_Preto,11
46,RP11,1.1839301354,Ribeirao_Preto,11
47,RP11,1.2080946878,Ribeirao_Preto,11
48,RP11,1.2143916516000002,Ribeirao_Preto,11
49,RP11,1.2127804768,Ribeirao_Preto,11
50,RP11,1.1719760062,Ribeirao_Preto,11
51,RP11,1.2425818924,Ribeirao_Preto,11
52,RP11,1.1843491492,Ribeirao_Preto,11
53,RP11,1.22848191,Ribeirao_Preto,11
54,RP11,1.1738356972,Ribeirao_Preto,11
55,RP11,1.2129214957999999,Ribeirao_Preto,11
56,RP11,1.2437916902000001,Ribeirao_Preto,11
57,RP11,1.2011692254,Ribeirao_Preto,11
58,RP11,1.217194606,Ribeirao_Preto,11
59,RP11,1.2819593254000001,Ribeirao_Preto,11
60,RP11,1.1892583922,Ribeirao_Preto,11
61,RP11,1.2240042664000002,Ribeirao_Preto,11
62,RP11,1.1882738592,Ribeirao_Preto,11
63,RP11,1.2332778616,Ribeirao_Preto,11
64,RP11,1.1977402074,Ribeirao_Preto,11
65,RP11,1.2087507628,Ribeirao_Preto,11
66,RP11,1.2043223256000002,Ribeirao_Preto,11
67,RP11,1.2114622466,Ribeirao_Preto,11
68,RP11,1.223825835,Ribeirao_Preto,11
69,RP11,1.2100801553999998,Ribeirao_Preto,11
70,RP11,1.2069809457999998,Ribeirao_Preto,11
71,RP11,1.2105288446,Ribeirao_Preto,11
72,RP11,1.1861684094,Ribeirao_Preto,11
73,RP11,1.2271785558000001,Ribeirao_Preto,11
74,RP11,1.2485827846,Ribeirao_Preto,11
75,RP11,1.1980164262,Ribeirao_Preto,11
76,RP11,1.1799043402,Ribeirao_Preto,11
77,RP11,1.2195616648,Ribeirao_Preto,11
78,RP11,1.2527478029999999,Ribeirao_Preto,11
79,RP11,1.1156595306,Ribeirao_Preto,11
80,RP11,1.2290132361999997,Ribeirao_Preto,11
81,RP11,,Ribeirao_Preto,11
82,RP11,,Ribeirao_Preto,11
83,RP11,,Ribeirao_Preto,11
84,RP11,,Ribeirao_Preto,11
85,RP11,,Ribeirao_Preto,11
86,RP11,,Ribeirao_Preto,11
87,RP11,,Ribeirao_Preto,11
88,RP11,,Ribeirao_Preto,11
89,RP11,,Ribeirao_Preto,11
90,RP11,,Ribeirao_Preto,11
91,RP11,,Ribeirao_Preto,11
92,RP11,,Ribeirao_Preto,11
93,RP11,,Ribeirao_Preto,11
94,RP11,,Ribeirao_Preto,11
95,RP11,,Ribeirao_Preto,11
96,RP11,,Ribeirao_Preto,11
97,RP11,,Ribeirao_Preto,11
98,RP11,,Ribeirao_Preto,11
99,RP11,,Ribeirao_Preto,11
100,RP11,,Ribeirao_Preto,11
1,CH12,1.3103247178,Chile,12
2,CH12,1.2332357799999998,Chile,12
3,CH12,1.2756661728,Chile,12
4,CH12,1.2250540678,Chile,12
5,CH12,1.2698377616,Chile,12
6,CH12,1.3020412468,Chile,12
7,CH12,1.3306599821999998,Chile,12
8,CH12,1.2914326606,Chile,12
9,CH12,1.3059877354,Chile,12
10,CH12,1.277794438,Chile,12
11,CH12,1.302143783,Chile,12
12,CH12,1.2537459244,Chile,12
13,CH12,1.2423885836000002,Chile,12
14,CH12,1.3008184444000002,Chile,12
15,CH12,1.2429950906,Chile,12
16,CH12,1.2814466162,Chile,12
17,CH12,1.3302130712,Chile,12
18,CH12,1.2632997882,Chile,12
19,CH12,1.3093302812,Chile,12
20,CH12,1.2897539665999997,Chile,12
21,CH12,1.2806983773999998,Chile,12
22,CH12,1.2851804336000001,Chile,12
23,CH12,1.3003604497999999,Chile,12
24,CH12,1.2976891648,Chile,12
25,CH12,1.2882780527999997,Chile,12
26,CH12,1.2678142674,Chile,12
27,CH12,1.278613591,Chile,12
28,CH12,1.2738175033999999,Chile,12
29,CH12,1.2568162396,Chile,12
30,CH12,1.3155524829999998,Chile,12
31,CH12,1.3095456128,Chile,12
32,CH12,1.2280044775999999,Chile,12
33,CH12,1.2917959724,Chile,12
34,CH12,1.3011597884,Chile,12
35,CH12,1.2899984184000002,Chile,12
36,CH12,1.2360050599999999,Chile,12
37,CH12,1.26628187,Chile,12
38,CH12,1.2385599574000001,Chile,12
39,CH12,1.2464727804,Chile,12
40,CH12,1.2932639198,Chile,12
41,CH12,1.2786535410000002,Chile,12
42,CH12,1.3239927195999999,Chile,12
43,CH12,1.3241428962,Chile,12
44,CH12,1.2924875708,Chile,12
45,CH12,1.3049308702,Chile,12
46,CH12,1.3320085663999999,Chile,12
47,CH12,1.2870875894,Chile,12
48,CH12,1.3284274468000001,Chile,12
49,CH12,1.3250965155999999,Chile,12
50,CH12,1.2809731577999999,Chile,12
51,CH12,1.3293573562,Chile,12
52,CH12,1.2940363538,Chile,12
53,CH12,1.2996752861999998,Chile,12
54,CH12,1.2262470224000002,Chile,12
55,CH12,1.3120765278,Chile,12
56,CH12,1.2521603382000002,Chile,12
57,CH12,1.267650042,Chile,12
58,CH12,1.259835863,Chile,12
59,CH12,1.3153327608,Chile,12
60,CH12,1.3255130718,Chile,12
61,CH12,1.2689083988,Chile,12
62,CH12,1.3006449253999999,Chile,12
63,CH12,1.263943333,Chile,12
64,CH12,1.2676278485999999,Chile,12
65,CH12,1.3002592871999998,Chile,12
66,CH12,1.2577837522,Chile,12
67,CH12,1.2801578358,Chile,12
68,CH12,1.260328599,Chile,12
69,CH12,1.3105467898,Chile,12
70,CH12,1.2955749616000003,Chile,12
71,CH12,1.3077158864,Chile,12
72,CH12,1.2712749008,Chile,12
73,CH12,1.2921615758,Chile,12
74,CH12,1.2848832756,Chile,12
75,CH12,1.2359490986,Chile,12
76,CH12,1.2517188216,Chile,12
77,CH12,1.265427191,Chile,12
78,CH12,1.2812590148,Chile,12
79,CH12,1.3074430985999999,Chile,12
80,CH12,1.2611372680000001,Chile,12
81,CH12,1.2793366242,Chile,12
82,CH12,1.2873089070000001,Chile,12
83,CH12,1.2958925332,Chile,12
84,CH12,1.2612165846,Chile,12
85,CH12,1.2738363838,Chile,12
86,CH12,1.2952318212,Chile,12
87,CH12,1.2754082064,Chile,12
88,CH12,1.2903012896,Chile,12
89,CH12,1.2716576661999999,Chile,12
90,CH12,1.287603415,Chile,12
91,CH12,1.2663759624000002,Chile,12
92,CH12,1.263268915,Chile,12
93,CH12,1.2998319828000002,Chile,12
94,CH12,1.31628054,Chile,12
95,CH12,1.2878151558000002,Chile,12
96,CH12,1.2512516754,Chile,12
97,CH12,1.266254542,Chile,12
98,CH12,1.2802413052,Chile,12
99,CH12,1.3172717384,Chile,12
100,CH12,1.2284035426,Chile,12
1,RP12,1.241420814,Ribeirao_Preto,12
2,RP12,1.2105817342,Ribeirao_Preto,12
3,RP12,1.2791915288,Ribeirao_Preto,12
4,RP12,1.2697962932,Ribeirao_Preto,12
5,RP12,1.259621323,Ribeirao_Preto,12
6,RP12,1.2278451016,Ribeirao_Preto,12
7,RP12,1.2176945181999999,Ribeirao_Preto,12
8,RP12,1.248959469,Ribeirao_Preto,12
9,RP12,1.2529656122,Ribeirao_Preto,12
10,RP12,1.240875989,Ribeirao_Preto,12
11,RP12,1.2487751896000001,Ribeirao_Preto,12
12,RP12,1.2231766444,Ribeirao_Preto,12
13,RP12,1.2266777378,Ribeirao_Preto,12
14,RP12,1.2674565664000002,Ribeirao_Preto,12
15,RP12,1.2336279239999999,Ribeirao_Preto,12
16,RP12,1.2586657373999999,Ribeirao_Preto,12
17,RP12,1.2442094726000001,Ribeirao_Preto,12
18,RP12,1.2431279348,Ribeirao_Preto,12
19,RP12,1.2441400852,Ribeirao_Preto,12
20,RP12,1.2245930202,Ribeirao_Preto,12
21,RP12,1.2391323161999999,Ribeirao_Preto,12
22,RP12,1.2478392862,Ribeirao_Preto,12
23,RP12,1.3225000318000002,Ribeirao_Preto,12
24,RP12,1.2498932128,Ribeirao_Preto,12
25,RP12,1.2318967984,Ribeirao_Preto,12
26,RP12,1.263675955,Ribeirao_Preto,12
27,RP12,1.2493645236,Ribeirao_Preto,12
28,RP12,1.2306478208,Ribeirao_Preto,12
29,RP12,1.2550077702,Ribeirao_Preto,12
30,RP12,1.257383022,Ribeirao_Preto,12
31,RP12,1.2228396682,Ribeirao_Preto,12
32,RP12,1.2468890034,Ribeirao_Preto,12
33,RP12,1.2220759578,Ribeirao_Preto,12
34,RP12,1.2657956479999999,Ribeirao_Preto,12
35,RP12,1.2548941754,Ribeirao_Preto,12
36,RP12,1.2690206807999997,Ribeirao_Preto,12
37,RP12,1.2267858294,Ribeirao_Preto,12
38,RP12,1.2344440669999999,Ribeirao_Preto,12
39,RP12,1.2445673396,Ribeirao_Preto,12
40,RP12,1.2295237126,Ribeirao_Preto,12
41,RP12,1.2221886752,Ribeirao_Preto,12
42,RP12,1.2176095178000002,Ribeirao_Preto,12
43,RP12,1.244550211,Ribeirao_Preto,12
44,RP12,1.2422953620000001,Ribeirao_Preto,12
45,RP12,1.2701099747999998,Ribeirao_Preto,12
46,RP12,1.2009732238000002,Ribeirao_Preto,12
47,RP12,1.2101676458,Ribeirao_Preto,12
48,RP12,1.2537764362,Ribeirao_Preto,12
49,RP12,1.2683505292,Ribeirao_Preto,12
50,RP12,1.2247966127999999,Ribeirao_Preto,12
51,RP12,1.2592601436000002,Ribeirao_Preto,12
52,RP12,1.1844680738,Ribeirao_Preto,12
53,RP12,1.21010569,Ribeirao_Preto,12
54,RP12,1.2274888618,Ribeirao_Preto,12
55,RP12,1.2711817228,Ribeirao_Preto,12
56,RP12,1.2451166886,Ribeirao_Preto,12
57,RP12,1.2719878907999997,Ribeirao_Preto,12
58,RP12,1.3036011908,Ribeirao_Preto,12
59,RP12,1.273350735,Ribeirao_Preto,12
60,RP12,1.2821760408,Ribeirao_Preto,12
61,RP12,,Ribeirao_Preto,12
62,RP12,,Ribeirao_Preto,12
63,RP12,,Ribeirao_Preto,12
64,RP12,,Ribeirao_Preto,12
65,RP12,,Ribeirao_Preto,12
66,RP12,,Ribeirao_Preto,12
67,RP12,,Ribeirao_Preto,12
68,RP12,,Ribeirao_Preto,12
69,RP12,,Ribeirao_Preto,12
70,RP12,,Ribeirao_Preto,12
71,RP12,,Ribeirao_Preto,12
72,RP12,,Ribeirao_Preto,12
73,RP12,,Ribeirao_Preto,12
74,RP12,,Ribeirao_Preto,12
75,RP12,,Ribeirao_Preto,12
76,RP12,,Ribeirao_Preto,12
77,RP12,,Ribeirao_Preto,12
78,RP12,,Ribeirao_Preto,12
79,RP12,,Ribeirao_Preto,12
80,RP12,,Ribeirao_Preto,12
81,RP12,,Ribeirao_Preto,12
82,RP12,,Ribeirao_Preto,12
83,RP12,,Ribeirao_Preto,12
84,RP12,,Ribeirao_Preto,12
85,RP12,,Ribeirao_Preto,12
86,RP12,,Ribeirao_Preto,12
87,RP12,,Ribeirao_Preto,12
88,RP12,,Ribeirao_Preto,12
89,RP12,,Ribeirao_Preto,12
90,RP12,,Ribeirao_Preto,12
91,RP12,,Ribeirao_Preto,12
92,RP12,,Ribeirao_Preto,12
93,RP12,,Ribeirao_Preto,12
94,RP12,,Ribeirao_Preto,12
95,RP12,,Ribeirao_Preto,12
96,RP12,,Ribeirao_Preto,12
97,RP12,,Ribeirao_Preto,12
98,RP12,,Ribeirao_Preto,12
99,RP12,,Ribeirao_Preto,12
100,RP12,,Ribeirao_Preto,12
