colony,origin,trait,mean_diff_RL,n_pairs,t_stat,t_pvalue,wilcox_stat,wilcox_pvalue,t_pvalue_bonf,t_pvalue_holm,t_pvalue_bh,wilcox_pvalue_bonf,wilcox_pvalue_holm,wilcox_pvalue_bh
COY01,Coyhaique,nerv01,-0.006048271474747483,99,-1.9097697766952761,0.059087188903050515,1956.0,0.07033995638946614,1.0,0.9453950224488082,0.06752821588920059,1.0,1.0,0.07963013930882959
COY02,Coyhaique,nerv01,-0.018784655724489795,98,-6.4398225357097925,4.591904267058964e-09,844.0,3.537830885364591e-08,5.510285120470756e-07,2.6173854322236094e-07,8.609820500735557e-09,4.245397062437509e-06,2.0519419135114627e-06,6.731360114432905e-08
COY03,Coyhaique,nerv01,-0.026014595797979812,99,-8.23595728694579,7.938332594882821e-13,594.5,8.784001202710885e-11,9.525999113859384e-11,6.430049401855084e-11,2.3814997784648465e-12,1.0540801443253062e-08,7.115040974195817e-09,2.6352003608132657e-10
COY04,Coyhaique,nerv01,-0.013421698307692308,78,-4.180352827175449,7.625727635192784e-05,681.0,1.881855077497804e-05,0.009150873162231342,0.0035840919885406085,0.00012366044813826135,0.002258226092997365,0.0009785646402988581,3.2727914391266155e-05
COY05,Coyhaique,nerv01,-0.014512275969072175,97,-4.881175476756602,4.194443291220202e-06,1156.0,1.1343119534928652e-05,0.0005033331949464243,0.0002223054944346707,7.401958749212121e-06,0.0013611743441914383,0.0006011853353512185,2.0017269767521152e-05
COY06,Coyhaique,nerv01,-0.012339958468750023,64,-3.768062952370573,0.0003647192577012364,483.0,0.0001979672878768887,0.043766310924148365,0.016412366596555636,0.000572563756183445,0.023756074545226644,0.00910649524233688,0.0003167476606030219
COY07,Coyhaique,nerv01,-0.011601885012820504,78,-3.6377097327044874,0.0004952758804840743,853.0,0.0006221334949231386,0.05943310565808892,0.020801586980331122,0.0007523177931403661,0.07465601939077662,0.026876698538943387,0.0009571284537279055
COY08,Coyhaique,nerv01,-0.020064728100000012,100,-6.489205116864022,3.442610083460737e-09,922.0,3.5900587276975495e-08,4.1311321001528844e-07,1.9967138484072274e-07,6.557352539925213e-09,4.308070473237059e-06,2.0519419135114627e-06,6.731360114432905e-08
COY09,Coyhaique,nerv01,-0.011769737363636368,99,-4.233104993787222,5.198951019622257e-05,1396.0,0.0001670312989405379,0.006238741223546708,0.0024954964894186834,8.546220854173574e-05,0.020043755872864548,0.007850471050205282,0.0002708615658495209
COY10,Coyhaique,nerv01,-0.02365332188541668,96,-7.4472767164796165,4.319109341213843e-11,646.0,8.010286267697197e-10,5.182931209456611e-09,3.152949819086105e-09,1.0797773353034606e-10,9.612343521236636e-08,5.9276118380959254e-08,2.0451794726035395e-09
COY11,Coyhaique,nerv01,-0.026184155229999992,100,-9.307540833307364,3.5444733017162667e-15,492.0,2.7804816391215147e-12,4.25336796205952e-13,3.1191365055103145e-13,1.2888993824422787e-14,3.3365779669458176e-10,2.5858479243830085e-10,1.191634988194935e-11
COY12,Coyhaique,nerv01,-0.024137437760000005,100,-8.745622810304674,5.914316732791643e-14,565.0,1.612485784622476e-11,7.0971800793499715e-12,4.908882888217064e-12,1.8676789682499926e-13,1.9349829415469714e-09,1.3867377747753293e-09,5.5285226901342034e-11
RPR01,Ribeirão Preto,nerv01,-0.011649999999999988,74,-2.613636148987081,0.010873493295281643,913.0,0.010662960202340728,1.0,0.29309593518925986,0.013734938899303129,1.0,0.3092258458678811,0.013908208959574862
RPR02,Ribeirão Preto,nerv01,0.02073100110256412,78,7.390003681250946,1.5060677322978292e-10,2735.0,2.7307090290497953e-09,1.807281278757395e-08,1.0542474126084805e-08,3.5436887818772453e-10,3.2768508348597546e-07,1.9114963203348568e-07,6.425197715411283e-09
RPR03,Ribeirão Preto,nerv01,0.02435897437500001,80,6.983671670699235,8.029567100903439e-10,2806.0,1.3005056161152823e-08,9.635480521084126e-08,4.8980359315510976e-08,1.6059134201806877e-09,1.5606067393383388e-06,8.06313481991475e-07,2.645096168370066e-08
RPR04,Ribeirão Preto,nerv01,0.010204306367088604,79,3.199746565838205,0.0019895488783641013,2211.0,0.0020610071582444394,0.23874586540369216,0.06963421074274355,0.0027761147139964202,0.24732085898933273,0.07625726485504426,0.002944295940349199
RPR05,Ribeirão Preto,nerv01,0.003265529349999988,80,1.0243168462026004,0.30881201061486413,1986.0,0.07959463175633158,1.0,1.0,0.3222386197720321,1.0,1.0,0.08894745438374212
RPR06,Ribeirão Preto,nerv01,0.013435679287499993,80,3.787812789918512,0.0002950398488233335,2328.0,0.000690375149996416,0.03540478185880002,0.01357183304587334,0.00047206375811733356,0.08284501799956992,0.028305381149853058,0.001035562724994624
RPR07,Ribeirão Preto,nerv01,0.0036555392500000005,80,1.1203427099561676,0.2659621438157844,1784.0,0.4329268977788012,1.0,1.0,0.28243767484862065,1.0,1.0,0.4402646418089504
RPR08,Ribeirão Preto,nerv01,-0.040354948624999984,80,-11.840273149247414,3.4635392738212125e-19,133.0,1.00601872184142e-12,4.156247128585455e-17,3.602080844774061e-17,2.444851252109091e-18,1.207222466209704e-10,9.758381601861774e-11,4.907543804807321e-12
RPR09,Ribeirão Preto,nerv01,0.00207914255000001,80,0.7237059909242222,0.47138383103485687,1847.0,0.27732017174176826,1.0,1.0,0.48763844589812777,1.0,1.0,0.28688293628458783
RPR10,Ribeirão Preto,nerv01,0.006636864240506329,79,2.0635973643153602,0.04238211761239487,1930.0,0.08763062632013592,1.0,0.8052602346355024,0.04986131483811161,1.0,1.0,0.09559704689469374
RPR11,Ribeirão Preto,nerv01,0.013533602387500033,80,4.525269680219095,2.1004322801216093e-05,2456.0,6.141736408002936e-05,0.0025205187361459313,0.0010712204628620207,3.6007410516370445e-05,0.007370083689603523,0.003070868204001468,0.00010380399562821863
RPR12,Ribeirão Preto,nerv01,0.009066702866666658,60,2.4434479643881395,0.017558252151274847,1169.0,0.032366794843899795,1.0,0.4130485289140444,0.02149990059339777,1.0,0.6797026917218957,0.03884015381267975
COY01,Coyhaique,nerv02,-0.02209634495959598,99,-8.79236316501536,5.032049081682363e-14,477.0,8.313000590936036e-12,6.038458898018836e-12,4.277241719430009e-12,1.6773496938941213e-13,9.975600709123243e-10,7.398570525933072e-10,3.1173752216010134e-11
COY02,Coyhaique,nerv02,-0.024299427295918358,98,-10.582206255094952,7.451281126085393e-18,255.0,1.4763950551983962e-14,8.941537351302471e-16,7.302255503563686e-16,3.887624935348901e-17,1.7716740662380754e-12,1.6830903629261717e-12,2.530962951768679e-13
COY03,Coyhaique,nerv02,-0.023210992131313127,99,-9.559367321546775,1.0951023368261782e-15,454.0,1.761988340202758e-12,1.314122804191414e-13,9.746410797752986e-14,4.106633763098169e-15,2.1143860082433096e-10,1.6562690397905925e-10,7.831059289790035e-12
COY04,Coyhaique,nerv02,-0.029204241871794875,78,-11.402219106279532,3.305760153114061e-18,109.0,1.0224049593348586e-12,3.9669121837368734e-16,3.305760153114061e-16,1.8890058017794637e-17,1.2268859512018302e-10,9.815087609614643e-11,4.907543804807321e-12
COY05,Coyhaique,nerv02,-0.02231541880412369,97,-8.808583989213895,5.381494644467917e-14,482.0,9.422750571411458e-12,6.4577935733615e-12,4.52045550135305e-12,1.745349614422027e-13,1.130730068569375e-09,8.292020502842083e-10,3.42645475324053e-11
COY06,Coyhaique,nerv02,-0.021937367109375005,64,-7.439603812095721,3.411625606014309e-10,187.0,1.1903834198202105e-08,4.093950727217171e-08,2.217556643909301e-08,7.31062629860209e-10,1.4284601037842525e-06,7.499415544867326e-07,2.462862247903884e-08
COY07,Coyhaique,nerv02,-0.018076628012820513,78,-7.037822284120262,7.048417177169543e-10,377.0,6.92988546679548e-09,8.458100612603452e-08,4.370018649845117e-08,1.4335763750175344e-09,8.315862560154576e-07,4.573724408085017e-07,1.5119750109371957e-08
COY08,Coyhaique,nerv02,-0.022113409190000023,100,-10.487214178750143,9.488932994421206e-18,382.0,1.7501311044471137e-13,1.1386719593305447e-15,9.139649673057107e-16,4.5546878373221786e-17,2.1001573253365365e-11,1.8551389707139406e-11,1.3550473293420132e-12
COY09,Coyhaique,nerv02,-0.022036388606060595,99,-9.857049528469135,2.472660160259517e-16,383.0,2.878937905438206e-13,2.9671921923114204e-14,2.299573949041351e-14,1.0597114972540789e-15,3.4547254865258474e-11,2.965306042601352e-11,1.919291936958804e-12
COY10,Coyhaique,nerv02,-0.02086327090625002,96,-8.218974952211882,1.0382906320357147e-12,449.0,6.666714409911932e-12,1.2459487584428576e-10,8.306325056285718e-11,3.038899410836238e-12,8.000057291894319e-10,6.000042968920739e-10,2.580663642546554e-11
COY11,Coyhaique,nerv02,-0.02923995655999998,100,-12.021526415042484,4.614944529473613e-21,263.0,7.498888116022579e-15,5.537933435368336e-19,4.984140091831502e-19,4.259948796437181e-20,8.998665739227095e-13,8.998665739227095e-13,2.399859744422797e-13
COY12,Coyhaique,nerv02,-0.026173345649999975,100,-10.764422596489833,2.3685702555494332e-18,334.0,5.010289107680305e-14,2.84228430665932e-16,2.415941660660422e-16,1.4959391087680633e-17,6.0123469292163655e-12,5.561420909525138e-12,6.012346929216366e-13
RPR01,Ribeirão Preto,nerv02,-0.07836621621621621,74,-21.667213229870974,1.606588205104651e-33,1.0,8.222533567197097e-14,1.9279058461255813e-31,1.8636423179213951e-31,3.8558116922511625e-32,9.867040280636517e-12,8.798110916900894e-12,7.047885914740369e-13
RPR02,Ribeirão Preto,nerv02,-0.01704287857692305,78,-7.257285364727818,2.6979139757591344e-10,382.0,8.035534760879704e-09,3.2374967709109616e-08,1.8345815035162113e-08,6.108484473416908e-10,9.642641713055646e-07,5.223097594571808e-07,1.7219003059027937e-08
RPR03,Ribeirão Preto,nerv02,-0.045594348537499996,80,-14.937754446190226,1.0090982853323332e-24,11.0,1.2114554462509031e-14,1.2109179423987999e-22,1.1301900795722132e-22,1.3454643804431112e-23,1.4537465355010837e-12,1.4052883176510475e-12,2.5157305600513723e-13
RPR04,Ribeirão Preto,nerv02,-0.02745235284810126,79,-12.536913030561243,2.2225084137202102e-20,97.0,4.3218209915557207e-13,2.667010096464252e-18,2.378084002680625e-18,1.9050072117601802e-19,5.186185189866865e-11,4.3650392014712777e-11,2.5930925949334324e-12
RPR05,Ribeirão Preto,nerv02,-0.01836489881249999,80,-7.128903503548734,4.23189304863024e-10,384.0,5.142576653751613e-09,5.078271658356288e-08,2.7084115511233535e-08,8.909248523432084e-10,6.171091984501936e-07,3.445526358013581e-07,1.1427948119448028e-08
RPR06,Ribeirão Preto,nerv02,-0.02049291028749998,80,-7.998215520714527,8.788472369763947e-12,367.0,1.885804754478701e-09,1.0546166843716736e-09,6.59135427732296e-10,2.2926449660253775e-11,2.262965705374441e-07,1.3577794232246646e-07,4.590732948262819e-09
RPR07,Ribeirão Preto,nerv02,-0.025076853025,80,-9.437739680631237,1.3624096025781677e-14,238.0,3.4473997466512125e-11,1.6348915230938012e-12,1.185296354243006e-12,4.808504479687651e-14,4.136879695981455e-09,2.8613417897205063e-09,1.0886525515740672e-10
RPR08,Ribeirão Preto,nerv02,-0.1077009207875,80,-39.03711962095933,2.1132509690362794e-53,0.0,7.999532481409323e-15,2.5359011628435352e-51,2.5359011628435352e-51,2.5359011628435352e-51,9.599438977691188e-13,9.519443652877095e-13,2.399859744422797e-13
RPR09,Ribeirão Preto,nerv02,-0.019447102500000008,80,-8.203574296720086,3.4959301981094566e-12,273.0,1.0595516189933972e-10,4.195116237731348e-10,2.7268255545253763e-10,9.756084273793833e-12,1.2714619427920766e-08,8.476412951947178e-09,3.1011266897367724e-10
RPR10,Ribeirão Preto,nerv02,-0.030109807607594925,79,-11.39298640453649,2.8640684469313424e-18,100.0,4.815047060986623e-13,3.436882136317611e-16,2.8927091314006557e-16,1.7184410681588056e-17,5.7780564731839474e-11,4.815047060986623e-11,2.7514554634209278e-12
RPR11,Ribeirão Preto,nerv02,-0.034193630737499994,80,-11.296451647147403,3.63858969737237e-18,41.0,3.705350763842609e-14,4.3663076368468436e-16,3.602203800398646e-16,1.9846852894758383e-17,4.44642091661113e-12,4.149992855503722e-12,4.940467685123479e-13
RPR12,Ribeirão Preto,nerv02,-0.04466667215,60,-12.185051782969891,9.422319250574338e-18,27.0,6.428339473761674e-11,1.1306783100689206e-15,9.139649673057107e-16,4.5546878373221786e-17,7.71400736851401e-09,5.271238368484573e-09,1.9779506073112845e-10
COY01,Coyhaique,nerv03,-0.01864330992929293,99,-7.180059485975457,1.360398163608054e-10,754.0,1.912805395109508e-09,1.6324777963296647e-08,9.658826961617184e-09,3.2649555926593297e-10,2.2953664741314094e-07,1.3580918305277507e-07,4.590732948262819e-09
COY02,Coyhaique,nerv03,-0.023073475877551018,98,-7.828346376277391,6.2037864403949025e-12,613.0,2.2433088783228485e-10,7.444543728473883e-10,4.714877694700125e-10,1.654343050771974e-11,2.691970653987418e-08,1.749780925091822e-08,6.260396869738182e-10
COY03,Coyhaique,nerv03,-0.008308639434343432,99,-2.937219972475661,0.00412796855503974,1610.0,0.0038768108265383855,0.4953562266047688,0.13209499376127168,0.005565800298929986,0.46521729918460625,0.12405794644922834,0.005227160664995576
COY04,Coyhaique,nerv03,-0.020441144141025623,78,-6.189708756851423,2.71499483684579e-08,489.0,2.7709261542192983e-07,3.257993804214948e-06,1.5203971086336425e-06,5.0122981603306895e-08,3.3251113850631583e-05,1.551718646362807e-05,5.115555977020244e-07
COY05,Coyhaique,nerv03,-0.017572603319587626,97,-6.915467269384737,5.169363447978162e-10,807.0,1.645781809759126e-08,6.203236137573795e-08,3.256698972226242e-08,1.0695234719954818e-09,1.974938171710951e-06,1.003926903953067e-06,3.291563619518252e-08
COY06,Coyhaique,nerv03,0.006241195703124994,64,1.9821159582492331,0.05183230419948985,1302.0,0.044501983742038766,1.0,0.8811491713913274,0.05980650484556521,1.0,0.8900396748407753,0.05287364404994705
COY07,Coyhaique,nerv03,-0.01599053311538461,78,-4.420718146362619,3.182967384425695e-05,724.0,4.8178086338844025e-05,0.0038195608613108343,0.0015914836922128477,5.379663184944837e-05,0.005781370360661283,0.0024570824032810455,8.259100515230403e-05
COY08,Coyhaique,nerv03,-0.004624208299999989,100,-1.5845323955762893,0.11626191679563305,2062.0,0.1499396889414419,1.0,1.0,0.12568855869798168,1.0,1.0,0.1592279882563985
COY09,Coyhaique,nerv03,-0.018767450595959592,99,-7.729605928008355,9.532199892937354e-12,671.0,5.118297214955192e-10,1.1438639871524824e-09,7.053827920773642e-10,2.433753164154218e-11,6.14195665794623e-08,3.889905883365946e-08,1.3648792573213844e-09
COY10,Coyhaique,nerv03,-0.001081603125000005,96,-0.3552204099356336,0.7232119267083261,2219.0,0.6917415751809435,1.0,1.0,0.7292893378571356,1.0,1.0,0.6917415751809435
COY11,Coyhaique,nerv03,-0.007639714329999999,100,-2.8306876425442162,0.005625666841312202,1813.0,0.014430357670336015,0.6750800209574642,0.16877000523936606,0.007418461768763343,1.0,0.3896196570990724,0.018421733196173636
COY12,Coyhaique,nerv03,-0.005409925560000006,100,-1.5904361070085973,0.11492493344325619,1973.0,0.08005270894536791,1.0,1.0,0.1253726546653704,1.0,1.0,0.08894745438374212
RPR01,Ribeirão Preto,nerv03,-0.08508162162162161,74,-21.10656425570985,8.397485759482461e-33,0.0,7.892725464448336e-14,1.0076982911378953e-30,9.65710862340483e-31,1.679497151896492e-31,9.471270557338002e-12,8.60218444299103e-12,7.047885914740369e-13
RPR02,Ribeirão Preto,nerv03,-0.032825004102564094,78,-10.417196506815422,2.3277648857161873e-16,160.0,6.267265473788303e-12,2.7933178628594248e-14,2.188098992573216e-14,1.0345621714294165e-15,7.520718568545964e-10,5.703211581147356e-10,2.506906189515321e-11
RPR03,Ribeirão Preto,nerv03,-0.05474069296249999,80,-17.255244202945978,1.5992152282625659e-28,12.0,1.2578652800256862e-14,1.919058273915079e-26,1.823105360219325e-26,2.7415118198786843e-27,1.5094383360308236e-12,1.4465450720295392e-12,2.5157305600513723e-13
RPR04,Ribeirão Preto,nerv03,-0.029474274468354437,79,-10.137639871410865,6.865912719613854e-16,159.0,3.8636202102692e-12,8.239095263536625e-14,6.247980574848608e-14,2.7463650878455418e-15,4.6363442523230405e-10,3.5545305934476644e-10,1.5987393973527725e-11
RPR05,Ribeirão Preto,nerv03,-0.025006023012500007,80,-8.376144322283642,1.609582824031845e-12,299.0,2.396656008275392e-10,1.931499388838214e-10,1.2715704309851575e-10,4.598808068662414e-12,2.8759872099304703e-08,1.8454251263720517e-08,6.536334568023796e-10
RPR06,Ribeirão Preto,nerv03,-0.027938293574999995,80,-10.21136527541656,4.3074266029082293e-16,142.0,1.3753198500011347e-12,5.168911923489875e-14,3.962832474675571e-14,1.7823834218930604e-15,1.6503838200013616e-10,1.306553857501078e-10,6.347630076928314e-12
RPR07,Ribeirão Preto,nerv03,-0.026350925187499995,80,-7.248022472144937,2.498124194678619e-10,393.0,4.037583101610984e-09,2.997749033614343e-08,1.723705694328247e-08,5.76490198771989e-10,4.845099721933181e-07,2.745556509095469e-07,9.141697588553172e-09
RPR08,Ribeirão Preto,nerv03,-0.09318022151250001,80,-30.41468788313783,2.2697044245094932e-45,0.0,7.999532481409323e-15,2.7236453094113917e-43,2.678251220921202e-43,9.078817698037972e-44,9.599438977691188e-13,9.519443652877095e-13,2.399859744422797e-13
RPR09,Ribeirão Preto,nerv03,-0.023097193337499995,80,-7.56562177264801,6.08626613740799e-11,382.0,2.931202981330482e-09,7.303519364889588e-09,4.382111618933752e-09,1.4905141560999159e-10,3.517443577596578e-07,2.0225300571180326e-07,6.764314572301112e-09
RPR10,Ribeirão Preto,nerv03,-0.03400119510126583,79,-11.46709008480731,2.0818737537337786e-18,103.0,5.363429221173791e-13,2.498248504480534e-16,2.144329966345792e-16,1.3879158358225193e-17,6.436115065408549e-11,5.309794928962052e-11,2.9255068479129768e-12
RPR11,Ribeirão Preto,nerv03,-0.0334862969625,80,-12.268876221886305,5.546931603937863e-20,101.0,3.2608501031682654e-13,6.656317924725436e-18,5.824278184134756e-18,4.1601987029533974e-19,3.9130201238019184e-11,3.326067105231631e-11,2.0594842756852203e-12
RPR12,Ribeirão Preto,nerv03,-0.0521622455,60,-15.18646391806647,4.765874582950088e-22,4.0,2.045478834778828e-11,5.719049499540106e-20,5.242462041245097e-20,5.199135908672824e-21,2.454574601734594e-09,1.738657009562004e-09,6.818262782596094e-11
COY01,Coyhaique,nerv04,-0.013473408929292932,99,-6.544294390296081,2.7454511445980435e-09,887.0,3.010327226290418e-08,3.294541373517652e-07,1.6198161753128457e-07,5.313776408899439e-09,3.6123926715485014e-06,1.7760930635113465e-06,5.8264397928201635e-08
COY02,Coyhaique,nerv04,-0.006387114520408153,98,-2.649694922606795,0.0094075004687156,1685.0,0.018879858142778087,1.0,0.2634100131240368,0.012138710282213678,1.0,0.4908763117122303,0.023848241864561796
COY03,Coyhaique,nerv04,0.0037044609797979816,99,1.6616260189488976,0.09978360116142745,2843.0,0.13949569851314939,1.0,1.0,0.10985350586579169,1.0,1.0,0.14945967697837434
COY04,Coyhaique,nerv04,-0.005875318692307698,78,-2.6107013522694884,0.010855405007009624,1073.0,0.020017945582945833,1.0,0.29309593518925986,0.013734938899303129,1.0,0.4908763117122303,0.024764468762407215
COY05,Coyhaique,nerv04,-0.006766411701030923,97,-3.119353691422949,0.002393250556282872,1550.0,0.00295730514484219,0.28719006675394465,0.08137051891361766,0.003301035250045341,0.3548766173810628,0.10350568006947665,0.004126472295128637
COY06,Coyhaique,nerv04,0.010022830328124998,64,4.3963168828331565,4.316808889838215e-05,1589.0,7.06270566650414e-05,0.005180170667805858,0.0021152363560207254,7.194681483063692e-05,0.00847524679980497,0.0033900987199219877,0.00011609927123020506
COY07,Coyhaique,nerv04,-0.007828110782051284,78,-3.677256688258563,0.00043435687005244264,852.0,0.0006108340577032588,0.052122824406293115,0.018677345412255034,0.0006682413385422194,0.07330008692439106,0.026876698538943387,0.0009519491808362475
COY08,Coyhaique,nerv04,0.009128692599999997,100,5.008561993439559,2.394975677153211e-06,3826.5,2.412497771404686e-06,0.00028739708125838533,0.0001293286865662734,4.289508675498288e-06,0.0002894997325685623,0.00013027487965585303,4.320891530874064e-06
COY09,Coyhaique,nerv04,-0.004022994333333338,99,-1.7161621513917038,0.08929193642669837,1695.0,0.009686751153829153,1.0,1.0,0.09921326269633152,1.0,0.29060253461487456,0.012773737785269213
COY10,Coyhaique,nerv04,0.013300232885416666,96,5.892301191565471,5.765228651664917e-08,3733.0,2.859498305374188e-07,6.918274381997901e-06,3.1708757584157047e-06,1.048223391211803e-07,3.431397966449026e-05,1.5727240679558034e-05,5.199087827953068e-07
COY11,Coyhaique,nerv04,0.006810156619999996,100,3.51533827968682,0.0006641561929510583,3433.0,0.001806793308911701,0.07969874315412699,0.02656624771804233,0.0009839351006682344,0.2168151970694041,0.06865814573864464,0.002612231289992821
COY12,Coyhaique,nerv04,0.013725723360000002,100,6.994101947197097,3.183984071841277e-10,4144.0,1.1442610194621547e-09,3.820780886209532e-08,2.1014294874152427e-08,6.946874338562786e-10,1.3731132233545857e-07,8.35310544207373e-08,2.8606525486553865e-09
RPR01,Ribeirão Preto,nerv04,-0.0707983783783784,74,-26.87295800189445,1.3611159015589789e-39,0.0,7.891912333019293e-14,1.6333390818707747e-37,1.5925056048240053e-37,4.083347704676937e-38,9.470294799623153e-12,8.60218444299103e-12,7.047885914740369e-13
RPR02,Ribeirão Preto,nerv04,-0.02145532556410256,78,-9.3462435103507,2.584299176969943e-14,180.0,1.2542294750161977e-11,3.1011590123639315e-12,2.222497292194151e-12,8.860454321039804e-14,1.5050753700194373e-09,1.091179643264092e-09,4.426692264763051e-11
RPR03,Ribeirão Preto,nerv04,-0.043682995337499995,80,-16.645728400541685,1.4956671696862203e-27,25.0,2.046377997252337e-14,1.7948006036234644e-25,1.690103901745429e-25,2.2435007545293305e-26,2.4556535967028044e-12,2.3124071368951405e-12,3.0695669958785055e-13
RPR04,Ribeirão Preto,nerv04,-0.02271255726582278,79,-10.787247591088446,3.9622469233114217e-17,73.0,1.8067297724560177e-13,4.754696307973706e-15,3.764134577145851e-15,1.828729349220656e-16,2.1680757269472212e-11,1.8970662610788185e-11,1.3550473293420132e-12
RPR05,Ribeirão Preto,nerv04,-0.017389639537499994,80,-8.171760578203463,4.032972447500752e-12,337.0,7.688029013514764e-10,4.839566937000902e-10,3.105388784575579e-10,1.0999015765911142e-11,9.225634816217717e-08,5.766021760136073e-08,2.005572786134286e-09
RPR06,Ribeirão Preto,nerv04,-0.023209032087499998,80,-10.004528266465222,1.0810657504162105e-15,132.0,9.715571840600545e-13,1.2972789004994525e-13,9.729591753745895e-14,4.106633763098169e-15,1.1658686208720654e-10,9.521260403788534e-11,4.907543804807321e-12
RPR07,Ribeirão Preto,nerv04,-0.015386904899999993,80,-6.889832542199436,1.2128652297298554e-09,433.0,2.106425408686403e-08,1.4554382756758265e-07,7.277191378379132e-08,2.385964386353814e-09,2.5277104904236834e-06,1.2638552452118417e-06,4.143787689219154e-08
RPR08,Ribeirão Preto,nerv04,-0.07681568806250001,80,-31.953923856564547,6.136907907623873e-47,0.0,7.999532481409323e-15,7.364289489148647e-45,7.302920410072409e-45,3.682144744574324e-45,9.599438977691188e-13,9.519443652877095e-13,2.399859744422797e-13
RPR09,Ribeirão Preto,nerv04,-0.016563868012499997,80,-7.208165762651885,2.9804592504596716e-10,418.0,8.275563211910576e-09,3.576551100551606e-08,1.99690769780798e-08,6.62324277879927e-10,9.93067585429269e-07,5.296360455622769e-07,1.742223834086437e-08
RPR10,Ribeirão Preto,nerv04,-0.019689600594936713,79,-8.667156157112037,4.777048887928414e-13,267.0,1.41491081551949e-10,5.7324586655140965e-11,3.9171800881012994e-11,1.4698611962856657e-12,1.697892978623388e-08,1.117779544260397e-08,4.042602330055686e-10
RPR11,Ribeirão Preto,nerv04,-0.028986058749999998,80,-13.439397977687689,4.1524855470480683e-22,52.0,5.5543924382472435e-14,4.982982656457682e-20,4.609258957223356e-20,4.982982656457682e-21,6.665270925896692e-12,6.109831682071968e-12,6.059337205360629e-13
RPR12,Ribeirão Preto,nerv04,-0.04259783681666665,60,-15.033064919884325,7.686477743290459e-22,6.0,2.2621590436462078e-11,9.223773291948551e-20,8.3782607401866e-20,7.686477743290459e-21,2.7145908523754494e-09,1.9002135966628146e-09,7.33673203344716e-11
COY01,Coyhaique,nerv05,0.004056300050505052,99,2.4234120604616316,0.017210355371418518,3136.5,0.021050078855804774,1.0,0.4130485289140444,0.021291161284229095,1.0,0.4908763117122303,0.025775606762209927
COY02,Coyhaique,nerv05,0.004917925397959184,98,2.855098545202184,0.005261896003993912,3149.0,0.005472211315137362,0.6314275204792694,0.1631187761238113,0.00701586133865855,0.6566653578164834,0.1696385507692582,0.007296281753516483
COY03,Coyhaique,nerv05,0.003934455010101015,99,2.106723081608589,0.03769554838472953,2902.0,0.058882063595119806,1.0,0.7916065160793201,0.04523465806167543,1.0,1.0,0.06794084260975362
COY04,Coyhaique,nerv05,0.003560633769230767,78,1.7739368094621322,0.08002699603722434,1796.0,0.08516561626341622,1.0,1.0,0.08974990209782169,1.0,1.0,0.09376031148266006
COY05,Coyhaique,nerv05,0.005698055680412368,97,3.233561598528691,0.001676635188478069,3224.0,0.0010662526174426384,0.20119622261736828,0.06203550197368855,0.0023951931263972415,0.1279503140931166,0.04265010469770554,0.0015796335073224271
COY06,Coyhaique,nerv05,0.0074351396093749935,64,3.4730503005259,0.0009358211709183203,1428.0,0.0015669281149095714,0.11229854051019843,0.03556120449489617,0.0013529944639782943,0.18803137378914858,0.06111019648147328,0.002293065534014007
COY07,Coyhaique,nerv05,0.0028460976794871706,78,1.5389981757769586,0.12790430481670262,1869.0,0.10232463825602972,1.0,1.0,0.13704032658932422,1.0,1.0,0.11062123054705915
COY08,Coyhaique,nerv05,0.00399786387,100,2.5120259326766923,0.01362059936217622,3080.0,0.05657873917776339,1.0,0.3405149840544055,0.017025749202720274,1.0,1.0,0.06591697768283114
COY09,Coyhaique,nerv05,0.006627637020202017,99,3.6908864056067294,0.0003673950768843772,3390.0,0.0006354632973596151,0.044087409226125265,0.016412366596555636,0.000572563756183445,0.0762555956831538,0.026876698538943387,0.0009652607048500482
COY10,Coyhaique,nerv05,0.005185856239583338,96,2.758153801274265,0.006972675136218525,3008.0,0.01302429846672565,0.8367210163462231,0.20220757895033722,0.009094793655937206,1.0,0.3646803570683182,0.016805546408678255
COY11,Coyhaique,nerv05,0.0018163341600000093,100,1.106396495390182,0.27123619365577384,2872.0,0.23350461407689216,1.0,1.0,0.28551178279555145,1.0,1.0,0.2436569886019744
COY12,Coyhaique,nerv05,0.006343489730000006,100,3.596035484485012,0.0005060251420096115,3491.0,0.00039352376438640466,0.06072301704115338,0.020801586980331122,0.0007590377130144173,0.04722285172636856,0.01770856939738821,0.00062135331218906
RPR01,Ribeirão Preto,nerv05,-0.009652972972972986,74,-4.654904417040452,1.416101454900436e-05,646.0,6.553445309981994e-05,0.001699321745880523,0.0007363727565482267,2.46278513895728e-05,0.007864134371978393,0.0032111882018911768,0.0001092240884996999
RPR02,Ribeirão Preto,nerv05,0.0035442207179487185,78,2.0407797425073246,0.04470015214279943,1929.0,0.053293887673439004,1.0,0.8052602346355024,0.052077847156659536,1.0,1.0,0.06269869138051648
RPR03,Ribeirão Preto,nerv05,-0.0011769515000000035,80,-0.592882197798411,0.5549534387533462,1366.0,0.22403871380385132,1.0,1.0,0.5691830141059961,1.0,1.0,0.2358302250566856
RPR04,Ribeirão Preto,nerv05,0.00472463518987342,79,3.0103060321814423,0.003514991703961288,2182.0,0.0032866554570598673,0.42179900447535457,0.1159947262307225,0.004793170505401756,0.39439865484718406,0.10845963008297561,0.004481802895990729
RPR05,Ribeirão Preto,nerv05,0.0004691750999999994,80,0.2885220120586669,0.7737028655206302,1818.0,0.34350288441139454,1.0,1.0,0.7737028655206302,1.0,1.0,0.3523106506783534
RPR06,Ribeirão Preto,nerv05,0.005157943300000002,80,3.4541011702978985,0.0008906310819618256,2200.0,0.0024655341964216334,0.10687572983541907,0.034734612196511194,0.0013033625589685253,0.295864103570596,0.0887592310711788,0.0034807541596540707
RPR07,Ribeirão Preto,nerv05,0.003748304487500001,80,2.29596737182592,0.02432904250200767,2060.0,0.019111453114411765,1.0,0.5352389350441688,0.029489748487282027,1.0,0.4908763117122303,0.023889316393014705
RPR08,Ribeirão Preto,nerv05,-0.024809714387500004,80,-12.465717650916483,2.4082304821953402e-20,96.0,2.728810179370917e-13,2.8898765786344083e-18,2.5527243111270605e-18,1.9265843857562722e-19,3.2745722152451005e-11,2.837962586545754e-11,1.919291936958804e-12
RPR09,Ribeirão Preto,nerv05,0.0006616327874999911,80,0.43054983955282033,0.6679680952840633,1708.0,0.6747227961489868,1.0,1.0,0.6792895884244712,1.0,1.0,0.6803927356124236
RPR10,Ribeirão Preto,nerv05,0.003401888367088606,79,1.8633341224221611,0.06617923346885578,1961.0,0.06295205622353771,1.0,0.9926885020328367,0.07491988694587447,1.0,1.0,0.07194520711261453
RPR11,Ribeirão Preto,nerv05,0.003258653912499997,80,2.087921340499638,0.04002717602162413,2026.0,0.029466432620107796,1.0,0.8005435204324827,0.04755704081777124,1.0,0.6482615176423715,0.03571688802437309
RPR12,Ribeirão Preto,nerv05,0.006329713283333336,60,3.26109837606951,0.001846197324293402,1318.0,0.0030461182743248827,0.22154367891520824,0.06646310367456247,0.0026063962225318614,0.3655341929189859,0.10356802132704601,0.004201542447344666
